actual_label,behavior_probability,behavior_prediction,drift_score
0,0.00053210446,0,0.9983917083631165
0,0.00907368,0,0.8693709792709078
0,0.007926535,0,0.9715868477483917
0,0.0074506016,0,0.8270192994996426
0,0.22058637,0,0.9338813438170122
0,0.007582614,0,0.8947462473195139
0,1.1870558e-08,0,0.9994639027877055
0,0.002327904,0,0.8397069335239457
0,0.010430952,0,0.8364903502501787
0,0.013340868,0,0.7315939957112223
0,0.0038947044,0,0.6988920657612581
0,0.008375549,0,0.9815939957112223
0,0.003008737,0,0.9962473195139385
0,0.011660346,0,0.7600071479628306
0,0.017534887,0,0.5714796283059328
0,0.0033279015,0,0.8806290207290922
0,0.049876273,0,0.5214438884917798
0,0.006594236,0,0.833988563259471
0,0.01481049,0,0.6015010721944246
0,0.003206701,0,0.8573981415296641
0,0.019312842,0,0.7644746247319514
0,0.0022338966,0,0.9338813438170122
0,0.004954985,0,0.9010007147962831
0,0.00560951,0,0.8348820586132952
0,0.4316099,0,0.8740171551107935
0,0.011419572,0,0.6006075768406004
0,0.004143299,0,0.8289849892780558
0,0.0068752514,0,0.8007505360972123
0,0.024075614,0,0.7871694067190851
0,0.0022121808,0,0.9299499642601858
0,0.0034632785,0,0.8945675482487491
0,0.0037372075,0,0.8817012151536812
0,0.002743593,0,0.8931379556826304
0,0.0030224998,0,0.8486418870621872
0,0.0058763535,0,0.7828806290207291
0,0.017039325,0,0.6065046461758399
0,0.01980463,0,0.8245175125089349
0,0.008698981,0,0.8327376697641172
0,0.0012804547,0,0.9830235882773409
0,0.0021591287,0,0.9878484631879915
0,0.008205765,0,0.7725160829163689
0,0.0076683564,0,0.8189778413152251
0,0.004662353,0,0.9901715511079342
0,0.0036223496,0,0.9951751250893496
0,0.011354943,0,0.5634381701215153
0,0.009529982,0,0.8345246604717655
0,0.015850864,0,0.7533952823445318
0,0.009941562,0,0.807541100786276
0,0.021000681,0,0.9817726947819871
0,0.0023369186,0,0.9944603288062902
0,0.0026402264,0,0.9807005003573981
0,0.006525605,0,0.927626876340243
0,0.003147415,0,0.8656182987848463
0,0.0046822135,0,0.8548963545389564
0,0.00018494851,0,0.997855611150822
0,0.017955376,0,0.8325589706933524
0,0.007777776,0,0.9033238027162259
0,0.0032855833,0,0.8699070764832023
0,0.01147315,0,0.8332737669764118
0,0.014250552,0,0.7889563974267334
0,0.00024420556,0,0.9969621157969979
0,0.0028290653,0,0.884024303073624
0,0.0055376985,0,0.9354896354538956
0,0.01801752,0,0.5795210864903503
0,0.002132022,0,0.9719442458899213
0,0.003038803,0,0.9832022873481058
0,0.0009664094,0,0.993566833452466
0,0.016438983,0,0.5675482487491065
0,0.0039406833,0,0.8373838456040028
0,0.0043726936,0,0.7482130092923517
0,0.01853777,0,0.8970693352394568
0,0.0027025705,0,0.9655110793423874
0,0.011779875,0,0.8061115082201572
0,0.006777774,0,0.9145818441744102
0,0.015102545,0,0.9844531808434596
0,0.008361406,0,0.8750893495353824
0,0.0041091857,0,0.8736597569692638
0,0.004384796,0,0.8766976411722659
0,0.00476249,0,0.9256611865618298
0,0.008446576,0,0.7399928520371694
0,0.008934778,0,0.840421729807005
0,0.027041586,0,0.9724803431022159
0,0.010042931,0,0.9127948534667619
0,0.0034099757,0,0.7864546104360257
0,0.0014918185,0,0.9871336669049321
0,0.006703682,0,0.9974982130092923
0,0.0024241577,0,0.9578270192994996
0,0.005183558,0,0.9864188706218727
0,0.0043271524,0,0.916011436740529
0,0.041079417,0,0.8791994281629736
0,0.008792629,0,0.8943888491779842
0,2.909343e-05,0,0.9985704074338814
0,0.008963316,0,0.6342030021443888
0,0.0047437316,0,0.8443531093638313
0,0.006615079,0,0.9865975696926376
0,0.010526822,0,0.5604002859185132
0,0.0037230882,0,0.9837383845604003
0,0.0032352651,0,0.8759828448892065
0,0.008153349,0,0.7868120085775554
0,0.034789745,0,0.9161901358112938
0,0.008793435,0,0.9631879914224446
0,0.0052715437,0,0.9828448892065761
0,0.008451243,0,0.7791279485346676
0,0.0066300165,0,0.8263045032165832
0,0.005446394,0,0.97337383845604
0,0.0020198037,0,0.9392423159399571
0,0.0060778796,0,0.8522158684774839
0,0.008953596,0,0.9612223016440314
0,0.004977828,0,0.8645461043602574
0,0.0026470053,0,0.9324517512508935
0,0.005570667,0,0.865975696926376
0,0.003788041,0,0.9547891350964975
0,0.013194418,0,0.703180843459614
0,0.004503884,0,0.8997498213009293
0,0.004530115,0,0.6969263759828449
0,0.0084614465,0,0.8164760543245175
0,0.079042375,0,0.9942816297355254
0,0.0038440628,0,0.8187991422444604
0,0.017988395,0,0.6011436740528949
0,0.009665487,0,0.9101143674052895
0,0.008843809,0,0.6275911365260901
0,0.0008651372,0,0.9869549678341673
0,0.018135171,0,0.5066118656182987
0,0.034480356,0,0.612759113652609
0,0.013498733,0,0.6538598999285203
0,0.0037438145,0,0.9018942101501072
0,0.008490066,0,0.8402430307362402
0,0.0025985443,0,0.9628305932809149
0,0.0049664383,0,0.93084345961401
0,0.0045222812,0,0.7880629020729092
0,0.006541706,0,0.8663330950679057
0,0.0027694125,0,0.772337383845604
0,0.0040853387,0,0.8477483917083631
0,0.027231479,0,0.8811651179413867
0,0.0057612304,0,0.8141529664045747
0,0.010329324,0,0.5505718370264474
0,0.0062683783,0,0.8380986418870622
0,0.001770806,0,0.9242315939957112
0,0.0029280668,0,0.937276626161544
0,0.0035525768,0,0.8388134381701216
0,0.003484732,0,0.806290207290922
0,0.005877881,0,0.6652966404574696
0,0.0021134997,0,0.9567548248749107
0,0.008425358,0,0.5779127948534668
0,0.0036193118,0,0.7441029306647605
0,0.0043736612,0,0.7619728377412437
0,0.011500623,0,0.5464617583988564
0,0.005070402,0,0.8568620443173696
0,0.012463502,0,0.9378127233738385
0,0.00059653685,0,0.9958899213724088
0,0.089516036,0,0.9226233023588277
0,0.0034198195,0,0.8952823445318084
0,0.004098265,0,0.9235167977126519
0,0.0053022876,0,0.811651179413867
0,0.015732259,0,0.4697998570407434
0,0.005927882,0,0.7875268048606148
0,0.013819699,0,0.6059685489635454
0,0.0070727402,0,0.9697998570407433
0,0.10553857,0,0.48570407433881346
0,0.00662054,0,0.6572551822730521
0,0.0041319467,0,0.8842030021443888
0,0.0044610333,0,0.8070050035739814
0,0.013800035,0,0.6250893495353824
0,0.026481766,0,0.98409578270193
0,0.004662933,0,0.7387419585418156
0,0.003906439,0,0.9022516082916369
0,0.003066217,0,0.8552537526804861
0,0.008621398,0,0.956397426733381
0,0.051662717,0,0.6025732666190136
0,0.008271359,0,0.7943173695496784
0,0.0067660734,0,0.9781987133666905
0,0.019067386,0,0.6635096497498213
0,0.004878313,0,0.9440671908506075
0,0.009326823,0,0.836132952108649
0,0.0006586903,0,0.9974982130092923
0,0.037027467,0,0.9142244460328807
0,0.0045965067,0,0.8992137240886348
0,0.019296814,0,0.5875625446747677
0,0.0041844645,0,0.9328091493924232
0,0.010271981,0,0.6740528949249464
0,0.014149161,0,0.7566118656182987
0,0.01775311,0,0.7700142959256612
0,0.0060124756,0,0.8473909935668335
0,0.019960893,0,0.5453895639742673
0,0.013292961,0,0.8674052894924946
0,0.0041264757,0,0.9753395282344531
0,0.013583421,0,0.6669049320943531
0,0.0047907066,0,0.8498927805575411
0,0.0075835977,0,0.8622230164403145
0,0.019735552,0,0.5604002859185132
0,0.0029818746,0,0.9899928520371694
0,0.003244967,0,0.8579342387419585
0,0.0048098783,0,0.7868120085775554
0,0.6081672,1,0.41476054324517514
0,0.003316546,0,0.8352394567548249
0,0.008381936,0,0.7807362401715511
0,0.0067563136,0,0.8929592566118656
0,0.011157506,0,0.775553967119371
0,0.0059677805,0,0.7768048606147248
0,0.00826297,0,0.9051107934238742
0,0.0021741425,0,0.9328091493924232
0,0.011107259,0,0.6149035025017869
0,0.004346837,0,0.9144031451036455
0,0.011075973,0,0.9249463902787706
0,0.004763833,0,0.9267333809864189
0,0.0060255807,0,0.6535025017869907
0,0.0046952046,0,0.9220872051465332
0,0.013285471,0,0.706397426733381
0,0.018487379,0,0.8341672623302359
0,0.89374346,1,0.5620085775553967
0,0.0049966252,0,0.9705146533238027
0,0.003247599,0,0.8926018584703359
0,0.0054697464,0,0.773409578270193
0,0.035810195,0,0.8850964974982131
0,0.007708271,0,0.8497140814867763
0,0.0049419114,0,0.8161186561829878
0,0.0051795417,0,0.8731236597569693
0,0.013260727,0,0.7719799857040743
0,0.0052632387,0,0.7789492494639028
0,0.0033638023,0,0.9483559685489635
0,0.008115461,0,0.7852037169406719
0,0.0076775854,0,0.8264832022873481
0,0.006663604,0,0.8468548963545389
0,0.003478637,0,0.9635453895639743
0,0.010915348,0,0.8795568263045033
0,0.10152638,0,0.8729449606862044
0,0.0009507749,0,0.9823087919942817
0,0.0072381343,0,0.9492494639027877
0,0.005904108,0,0.8407791279485347
0,0.012545664,0,0.9669406719085061
0,0.012334892,0,0.8552537526804861
0,0.005355724,0,0.6690493209435311
0,0.015402554,0,0.8150464617583989
0,0.007408475,0,0.8513223731236598
0,0.013627473,0,0.5741601143674053
0,0.007049338,0,0.8355968548963545
0,0.0031742244,0,0.963902787705504
0,0.008867448,0,0.8809864188706219
0,0.027122,0,0.4513938527519657
0,0.018218398,0,0.8532880629020729
0,0.0069284793,0,0.8552537526804861
0,0.0064267474,0,0.8491779842744818
0,0.008524898,0,0.8325589706933524
0,0.004574381,0,0.9835596854896355
0,0.0050622486,0,0.8506075768406004
0,0.006372468,0,0.7466047176554682
0,0.004079965,0,0.9971408148677627
0,0.016637806,0,0.8550750536097212
0,0.0045342324,0,0.7971765546819156
0,0.0031877835,0,0.8906361686919227
0,0.0030505962,0,0.8518584703359543
0,0.007983514,0,0.8532880629020729
0,0.00884156,0,0.8216583273766976
0,0.00044790105,0,0.9953538241601144
0,0.00429463,0,0.8800929235167977
0,0.0041948534,0,0.8375625446747677
0,0.0040238653,0,0.8656182987848463
0,0.008119023,0,0.9608649035025018
0,0.0022865136,0,0.8761615439599714
0,0.007597722,0,0.6795925661186561
0,0.006068301,0,0.9751608291636884
0,0.005899028,0,0.9912437455325233
0,0.014267387,0,0.8781272337383845
0,0.006081758,0,0.9326304503216584
0,0.007348783,0,0.6749463902787706
0,0.008100505,0,0.8749106504646176
0,0.0039691897,0,0.8909935668334524
0,0.09989151,0,0.604181558255897
0,0.010834707,0,0.6608291636883489
0,0.010457673,0,0.9796283059328091
0,0.033545952,0,0.5119728377412437
0,0.009334554,0,0.7830593280914939
0,0.0054374747,0,0.8429235167977126
0,0.0086273905,0,0.744639027877055
0,0.03066182,0,0.5880986418870622
0,0.0028430277,0,0.9036812008577555
0,0.003215367,0,0.9245889921372409
0,0.006935149,0,0.858470335954253
0,0.0018106677,0,0.9176197283774125
0,0.0057677124,0,0.9644388849177984
0,0.0055700913,0,0.8463187991422445
0,0.0020027442,0,0.9633666904932094
0,0.015548625,0,0.9867762687634024
0,0.0022716117,0,0.795746962115797
0,0.021713855,0,0.8874195854181558
0,0.007744961,0,0.9476411722659042
0,0.0029160415,0,0.9692637598284489
0,0.012166674,0,0.5473552537526805
0,0.006524578,0,0.9714081486776269
0,0.007212386,0,0.6104360257326662
0,0.004779838,0,0.9072551822730521
0,0.005770765,0,0.8720514653323803
0,0.14879334,0,0.226590421729807
0,0.041503105,0,0.9848105789849892
0,0.083114445,0,0.626518942101501
0,0.0039521432,0,0.9093995711222301
0,0.0067463117,0,0.9024303073624017
0,0.03963231,0,0.9135096497498213
0,0.0058176704,0,0.676554681915654
0,0.010028378,0,0.6090064331665476
0,0.0014876435,0,0.9015368120085776
0,0.0028685143,0,0.9406719085060757
0,0.0026432995,0,0.9408506075768406
0,0.0039833845,0,0.8709792709077913
0,0.007021011,0,0.9496068620443173
0,0.0044302135,0,0.9061829878484632
0,0.0073741,0,0.738205861329521
0,0.0050394987,0,0.9027877055039314
0,0.0034397198,0,0.7689421015010722
0,0.008432476,0,0.8793781272337384
0,0.00074006966,0,0.9955325232308792
0,0.0026726655,0,0.9789135096497498
0,0.0074869036,0,0.5879199428162973
0,0.0057221246,0,0.9880271622587563
0,0.0033598149,0,0.9426375982844889
0,0.0037961649,0,0.9805218012866334
0,0.053381093,0,0.8118298784846318
0,0.0051610973,0,0.879735525375268
0,0.009816397,0,0.918155825589707
0,0.001289795,0,0.9794496068620443
0,0.006734149,0,0.7812723373838456
0,0.004034497,0,0.8445318084345962
0,0.04668199,0,0.4204789135096498
0,0.011713229,0,0.8908148677626876
0,0.003444591,0,0.8123659756969264
0,0.008186416,0,0.9694424588992138
0,0.0022298128,0,0.9933881343817013
0,0.011758567,0,0.8136168691922802
0,0.007224695,0,0.6277698355968548
0,0.027658558,0,0.5947105075053609
0,0.029678069,0,0.8570407433881344
0,0.00825156,0,0.8305932809149392
0,0.0052039027,0,0.9717655468191565
0,0.004642216,0,0.7764474624731952
0,0.003788984,0,0.8566833452466047
0,0.004971219,0,0.7775196568977841
0,0.033304337,0,0.7314152966404575
0,0.008519072,0,0.8865260900643317
0,0.0066128923,0,0.8995711222301644
0,0.013945044,0,0.5973909935668335
0,0.0030560687,0,0.8913509649749821
0,0.008589577,0,0.9129735525375268
0,0.0057237903,0,0.7675125089349535
0,0.012591753,0,0.8888491779842744
0,0.0054855924,0,0.6733380986418871
0,0.0044499803,0,0.8602573266619014
0,0.0029745605,0,0.7709077912794854
0,0.004702457,0,0.9601501072194425
0,0.0039377124,0,0.9739099356683345
0,0.0110518895,0,0.5841672623302359
0,0.00432275,0,0.8143316654753395
0,0.016265554,0,0.8302358827734095
0,0.0065452647,0,0.6093638313080773
0,0.014618418,0,0.8590064331665476
0,0.0014343933,0,0.9603288062902073
0,0.0042050285,0,0.7024660471765547
0,0.033410665,0,0.6729807005003574
0,0.003562157,0,0.8620443173695497
0,0.008700775,0,0.7648320228734811
0,0.022299955,0,0.8650822015725518
0,0.0039786613,0,0.7364188706218727
0,0.0047495435,0,0.7650107219442459
0,0.01012053,0,0.842566118656183
0,0.001601658,0,0.9939242315939957
0,0.0036286265,0,0.9149392423159399
0,0.00680512,0,0.9215511079342388
0,0.002889202,0,0.931915654038599
0,0.007583993,0,0.8018227305218013
0,0.0059393803,0,0.7818084345961401
0,0.010360851,0,0.5323445318084346
0,0.004920372,0,0.7371336669049321
0,0.005896439,0,0.697819871336669
0,0.03599974,0,0.6236597569692638
0,0.007493717,0,0.8252323087919943
0,0.015017033,0,0.7760900643316655
0,0.0038119548,0,0.8901000714796283
0,0.0011649859,0,0.9966047176554682
0,0.002507718,0,0.8706218727662616
0,0.009472765,0,0.6409935668334524
0,0.03693438,0,0.6626161543959972
0,0.010694314,0,0.5602215868477484
0,0.008417354,0,0.8577555396711937
0,0.01025921,0,0.8266619013581129
0,0.0051638987,0,0.8724088634739099
0,0.0031314087,0,0.9185132237312366
0,0.004297286,0,0.8890278770550393
0,0.010020598,0,0.893674052894925
0,0.004266632,0,0.8125446747676912
0,0.00422733,0,0.9211937097927091
0,0.02255146,0,0.5963187991422445
0,0.008624601,0,0.8416726233023588
0,0.0050789625,0,0.9805218012866334
0,0.0059176073,0,0.7725160829163689
0,0.0069103464,0,0.9474624731951394
0,0.0016448753,0,0.9762330235882773
0,0.003134876,0,0.9446032880629021
0,0.0022051905,0,0.8282701929949964
0,0.0062933476,0,0.8288062902072909
0,0.0028374472,0,0.9258398856325947
0,0.0066665276,0,0.9040385989992852
0,0.0057655033,0,0.6644031451036455
0,0.007505976,0,0.9083273766976412
0,0.005427736,0,0.6990707648320229
0,0.0017835746,0,0.9551465332380271
0,0.77135104,1,0.5807719799857041
0,0.0031049396,0,0.8933166547533953
0,0.004777507,0,0.9565761258041459
0,0.0022458942,0,0.9320943531093638
0,0.005069016,0,0.9390636168691923
0,0.00251622,0,0.970157255182273
0,0.008722847,0,0.9885632594710507
0,0.008048534,0,0.7835954253037885
0,0.003805962,0,0.8182630450321658
0,0.008005425,0,0.8877769835596855
0,0.0046854187,0,0.9778413152251608
0,0.0046863174,0,0.9749821300929236
0,0.004644733,0,0.8111150822015726
0,0.007408363,0,0.7796640457469621
0,1.1590498e-05,0,0.9985704074338814
0,0.0064937486,0,0.9093995711222301
0,0.010833798,0,0.8668691922802001
0,0.0076378644,0,0.8461401000714797
0,0.002498144,0,0.938348820586133
0,0.08759056,0,0.9857040743388135
0,0.0047041755,0,0.8870621872766261
0,0.006527009,0,0.881879914224446
0,0.008052052,0,0.5770192994996426
0,0.012206027,0,0.9140457469621158
0,0.00861989,0,0.9008220157255182
0,0.0071942033,0,0.8708005718370264
0,0.0019751443,0,0.9907076483202287
0,0.008597784,0,0.8799142244460328
0,0.019178985,0,0.8098641887062187
0,0.0084430715,0,0.9167262330235882
0,0.0062776757,0,0.8684774839170837
0,0.027987842,0,0.9288777698355969
0,0.0058486965,0,0.7676912080057183
0,0.0066008493,0,0.9233380986418871
0,0.016652353,0,0.8924231593995712
0,0.006177063,0,0.8965332380271622
0,0.0029332754,0,0.886168691922802
0,0.010387433,0,0.6157969978556112
0,0.03308951,0,0.5409220872051466
0,0.0056403847,0,0.8068263045032166
0,0.005926253,0,0.9664045746962115
0,0.014452076,0,0.8920657612580415
0,0.002413276,0,0.8968906361686919
0,0.0061786673,0,0.9619370979270908
0,0.005396279,0,0.6188348820586133
0,0.0008125176,0,0.9930307362401716
0,0.004801732,0,0.7641172265904217
0,0.0061927615,0,0.7005003573981415
0,0.0075953347,0,0.8615082201572551
0,0.0024562238,0,0.9910650464617584
0,0.006512036,0,0.8279127948534668
0,0.0039591813,0,0.8704431736954967
0,0.006048775,0,0.9746247319513939
0,0.35486227,0,0.9444245889921372
0,0.0059679504,0,0.8246962115796997
0,0.005946202,0,0.9633666904932094
0,0.0049858405,0,0.8300571837026447
0,0.010937249,0,0.9149392423159399
0,0.0053778887,0,0.6052537526804861
0,0.012917298,0,0.5657612580414582
0,0.020017454,0,0.9908863473909936
0,0.004052686,0,0.8309506790564689
0,0.009569906,0,0.8532880629020729
0,0.0014076857,0,0.9926733380986419
0,0.006431212,0,0.8166547533952824
0,0.011630347,0,0.8976054324517513
0,0.0019527356,0,0.992494639027877
0,0.0036663795,0,0.8899213724088635
0,0.0057283784,0,0.8368477483917084
0,0.010831826,0,0.636168691922802
0,0.007912725,0,0.6327734095782702
0,0.0015795407,0,0.9803431022158685
0,0.0018622617,0,0.8956397426733381
0,0.0012112707,0,0.9653323802716226
0,0.0051591103,0,0.7850250178699071
0,0.0040162816,0,0.9601501072194425
0,0.035247117,0,0.976590421729807
0,0.002773833,0,0.8899213724088635
0,0.007449395,0,0.9388849177984274
0,0.005321395,0,0.6492137240886348
0,0.0012050759,0,0.9910650464617584
0,0.0077520073,0,0.9780200142959257
0,0.0023541776,0,0.8634739099356683
0,0.0058060936,0,0.8657969978556112
0,0.006376479,0,0.9002859185132237
0,0.003171606,0,0.9626518942101501
0,0.005952531,0,0.859542530378842
0,0.0011014274,0,0.9905289492494639
0,0.007938347,0,0.8772337383845604
0,0.0018871713,0,0.9742673338098642
0,0.0044663143,0,0.8911722659042173
0,0.004969347,0,0.8027162258756254
0,0.012845534,0,0.6259828448892065
0,0.0041823033,0,0.891529664045747
0,0.0033291955,0,0.8532880629020729
0,0.0067835287,0,0.9322730521801287
0,0.0022641732,0,0.9401358112937813
0,0.013432753,0,0.9113652609006433
0,0.005518101,0,0.8368477483917084
0,0.005250592,0,0.8275553967119371
0,0.004354012,0,0.8827734095782702
0,0.00548165,0,0.9860614724803431
0,0.00408879,0,0.870264474624732
0,0.005681186,0,0.9001072194424589
0,0.0057536964,0,0.8777698355968548
0,0.0041511054,0,0.954253037884203
0,0.0074405717,0,0.7750178699070764
0,0.0027067482,0,0.9310221586847749
0,0.008816182,0,0.8892065761258041
0,0.0018354354,0,0.958541815582559
0,0.07826381,0,0.5157255182273052
0,0.008711845,0,0.9165475339528234
0,0.0064861607,0,0.909578270192995
0,0.020354927,0,0.5964974982130093
0,0.00820242,0,0.6645818441744102
0,5.1372303e-05,0,0.9980343102215868
0,0.005367788,0,0.9233380986418871
0,0.0036175584,0,0.8983202287348105
0,0.0041573155,0,0.926554681915654
0,0.0005819463,0,0.9941029306647605
0,0.005664252,0,0.8380986418870622
0,0.0052512395,0,0.8802716225875625
0,0.021750357,0,0.5396711937097927
0,0.0030188665,0,0.9773052180128663
0,0.004286021,0,0.9412080057183703
0,0.011755132,0,0.968012866333095
0,0.008465168,0,0.6615439599714081
0,0.01611127,0,0.8867047891350965
0,0.0037185948,0,0.9714081486776269
0,0.0021227035,0,0.9892780557541101
0,0.005636722,0,0.8690135811293781
0,0.009760814,0,0.8175482487491065
0,0.0047430024,0,0.812723373838456
0,0.0052959938,0,0.8831308077197999
0,0.043704428,0,0.7017512508934953
0,0.0050563635,0,0.9792709077912795
0,0.004933791,0,0.8168334524660472
0,0.0061397534,0,0.9421015010721944
0,0.002406911,0,0.8565046461758399
0,0.0023759073,0,0.8502501786990707
0,0.0024881565,0,0.8847390993566834
0,0.015450165,0,0.49428162973552536
0,0.0043695183,0,0.8927805575411007
0,0.005192171,0,0.9801644031451037
0,0.0045358553,0,0.838277340957827
0,0.0025931175,0,0.8704431736954967
0,0.0016969036,0,0.9796283059328091
0,0.003200625,0,0.9719442458899213
0,0.0025383981,0,0.911722659042173
0,0.006811911,0,0.6504646175839885
0,0.004686553,0,0.868120085775554
0,0.009008385,0,0.7006790564689064
0,0.0020106188,0,0.9857040743388135
0,0.0029678815,0,0.9764117226590422
0,0.0025073197,0,0.9060042887776983
0,0.0070883557,0,0.9917798427448177
0,0.01620402,0,0.6756611865618298
0,0.0037784367,0,0.9683702644746247
0,0.013633987,0,0.8482844889206577
0,0.013269964,0,0.7710864903502502
0,0.006656121,0,0.936204431736955
0,0.004749426,0,0.9785561115082202
0,0.0072741252,0,0.6912080057183703
0,0.00258397,0,0.8981415296640457
0,0.00510297,0,0.8775911365260901
0,0.014809558,0,0.8227305218012866
0,0.16806048,0,0.4899928520371694
0,0.0057423925,0,0.8559685489635454
0,0.00424918,0,0.9583631165117942
0,0.0097958855,0,0.8856325947105075
0,0.002143861,0,0.9497855611150822
0,0.006187381,0,0.7684060042887777
0,0.0035093648,0,0.8609721229449607
0,0.002959563,0,0.7725160829163689
0,0.012994728,0,0.4628305932809149
0,0.004693141,0,0.8511436740528949
0,0.009152383,0,0.8715153681200858
0,0.006800094,0,0.9846318799142244
0,0.021704521,0,0.8481057898498928
0,0.0072792573,0,0.8815225160829163
0,0.003527876,0,0.8927805575411007
0,0.0034975517,0,0.8523945675482487
0,0.0032560346,0,0.9810578984989278
0,0.0051421965,0,0.939421015010722
0,0.010735032,0,0.7782344531808435
0,0.0056825117,0,0.9712294496068621
0,0.0025705283,0,0.8822373123659757
0,0.011796951,0,0.5900643316654753
0,0.004376556,0,0.8380986418870622
0,0.006847619,0,0.7787705503931379
0,0.0024850816,0,0.9964260185847034
0,0.0014265889,0,0.9379914224446033
0,0.0010654974,0,0.9885632594710507
0,0.0025804823,0,0.9703359542530379
0,0.005457667,0,0.9876697641172266
0,0.0018526502,0,0.9597927090779128
0,0.0011834161,0,0.931915654038599
0,0.0038066313,0,0.8498927805575411
0,0.012547176,0,0.5209077912794854
0,0.006136135,0,0.924410293066476
0,0.003980177,0,0.8386347390993567
0,0.003462482,0,0.9385275196568977
0,0.0045355796,0,0.8139742673338098
0,0.0050671306,0,0.8070050035739814
0,0.0071520265,0,0.6259828448892065
0,0.0034196929,0,0.9622944960686205
0,0.009473893,0,0.8636526090064331
0,0.0055587036,0,0.8225518227305219
0,0.006378721,0,0.7778770550393138
0,0.006096724,0,0.8347033595425304
0,0.0022536155,0,0.9086847748391709
0,0.016615976,0,0.8863473909935669
0,0.0043800445,0,0.8078984989278056
0,0.048862573,0,0.9247676912080057
0,0.004731433,0,0.8768763402430307
0,0.013522095,0,0.8407791279485347
0,0.015579926,0,0.8561472480343102
0,0.004956767,0,0.8464974982130093
0,0.0037857308,0,0.8077197998570408
0,0.0042875526,0,0.8304145818441744
0,0.0036042726,0,0.8677626876340243
0,0.003203462,0,0.9038598999285203
0,0.0032688705,0,0.9465689778413152
0,0.010322804,0,0.9231593995711223
0,0.0053580967,0,0.9419228020014296
0,0.005015669,0,0.7673338098641888
0,0.0077872607,0,0.6134739099356683
0,0.0029494464,0,0.9415654038599
0,0.0047125774,0,0.9229807005003574
0,0.0067215944,0,0.8588277340957827
0,0.020127863,0,0.4789135096497498
0,0.003744857,0,0.8513223731236598
0,0.0041961917,0,0.8398856325947105
0,0.005882948,0,0.6565403859899929
0,0.0039030453,0,0.8747319513938527
0,0.0071763652,0,0.7803788420300214
0,0.0064097364,0,0.8582916368834882
0,0.014051942,0,0.8186204431736955
0,0.003043487,0,0.8813438170121516
0,0.0034627025,0,0.9522873481057899
0,0.018279122,0,0.8838456040028592
0,0.0049821804,0,0.8945675482487491
0,0.025214685,0,0.9002859185132237
0,0.0063258153,0,0.9785561115082202
0,0.0012782213,0,0.9937455325232308
0,0.004201575,0,0.8624017155110794
0,0.003856166,0,0.875625446747677
0,0.032857202,0,0.9454967834167263
0,0.006177004,0,0.9821300929235168
0,0.0035237682,0,0.8649035025017869
0,0.010426188,0,0.6377769835596855
0,0.0025283922,0,0.8784846318799142
0,0.0031122451,0,0.9081486776268763
0,0.0019041344,0,0.9185132237312366
0,0.0044285986,0,0.8963545389563974
0,0.005088909,0,0.9462115796997855
0,0.014318875,0,0.6147248034310222
0,0.0010096874,0,0.9928520371694067
0,0.017601056,0,0.8795568263045033
0,0.005961702,0,0.8552537526804861
0,0.0058035837,0,0.6915654038599
0,0.009694385,0,0.9630092923516798
0,0.0062745116,0,0.8488205861329521
0,0.0056756027,0,0.9337026447462473
0,0.0012291038,0,0.9921372408863474
0,0.003929436,0,0.8593638313080773
0,0.01044146,0,0.5832737669764118
0,6.942558e-05,0,0.9985704074338814
0,0.0028302656,0,0.9365618298784847
0,0.008223012,0,0.9937455325232308
0,0.004979477,0,0.8783059328091494
0,0.017491732,0,0.63831308077198
0,0.006727422,0,0.6535025017869907
0,0.0033517163,0,0.8482844889206577
0,0.007705171,0,0.7939599714081487
0,0.0016779404,0,0.9228020014295926
0,0.0038678364,0,0.8046819156540386
0,0.0037129705,0,0.7827019299499642
0,0.0026368534,0,0.9576483202287348
0,0.0093497615,0,0.8657969978556112
0,0.04626655,0,0.5486061472480344
0,0.008248204,0,0.9056468906361687
0,0.0040065395,0,0.7891350964974982
0,0.0027827108,0,0.9730164403145104
0,0.020806301,0,0.988205861329521
0,0.0070492043,0,0.8261258041458185
0,0.002950765,0,0.8804503216583274
0,0.0027272163,0,0.875625446747677
0,0.0058393884,0,0.8786633309506791
0,0.015566006,0,0.9052894924946391
0,0.0038323395,0,0.9317369549678342
0,0.008863811,0,0.863831308077198
0,0.0064156796,0,0.8670478913509649
0,0.0051811184,0,0.8879556826304503
0,0.01123356,0,0.955325232308792
0,0.0018153604,0,0.9746247319513939
0,0.00021634056,0,0.9982130092923517
0,0.0033016594,0,0.807541100786276
0,0.002951211,0,0.9796283059328091
0,0.001755087,0,0.9887419585418156
0,0.0057054316,0,0.9769478198713367
0,0.0063779773,0,0.8761615439599714
0,0.002425881,0,0.9781987133666905
0,0.006526124,0,0.7816297355253753
0,0.0025896763,0,0.8763402430307362
0,0.017436372,0,0.9040385989992852
0,0.01656365,0,0.6459971408148678
0,0.051936124,0,0.8466761972837741
0,0.0045052217,0,0.9472837741243746
0,0.004677953,0,0.9213724088634739
0,0.009644486,0,0.90421729807005
0,0.0080174375,0,0.9463902787705504
0,0.0039912355,0,0.978734810578985
0,0.008680153,0,0.8940314510364546
0,0.004769755,0,0.7757326661901358
0,0.009509783,0,0.8134381701215153
0,0.0025389174,0,0.995711222301644
0,0.0015657748,0,0.9855253752680486
0,0.0057256464,0,0.8790207290922087
0,0.0008247079,0,0.9549678341672623
0,0.037751652,0,0.8141529664045747
0,0.01629526,0,0.955325232308792
0,0.0024254126,0,0.8804503216583274
0,0.0039048844,0,0.9630092923516798
0,1.1475534e-08,0,1.0
0,0.0030185739,0,0.9864188706218727
0,0.008110127,0,0.8820586132952108
0,0.0034206028,0,0.794674767691208
0,0.012619886,0,0.7977126518942101
0,0.009941759,0,0.5884560400285919
0,0.005988255,0,0.879735525375268
0,0.010927289,0,0.9890993566833453
0,0.008149901,0,0.7065761258041459
0,0.0037783037,0,0.902072909220872
0,0.01063288,0,0.8811651179413867
0,0.00419988,0,0.9685489635453896
0,0.0038373857,0,0.862759113652609
0,0.098329805,0,0.9376340243030736
0,0.02492207,0,0.4421015010721944
0,0.008170789,0,0.8311293781272338
0,0.003584568,0,0.8498927805575411
0,0.026575256,0,0.47730521801286635
0,0.0077737807,0,0.873481057898499
0,0.028245922,0,0.771265189421015
0,0.0032239363,0,0.9717655468191565
0,0.0022674613,0,0.907433881343817
0,0.00142074,0,0.9864188706218727
0,0.0044794064,0,0.8391708363116511
0,0.006734736,0,0.9826661901358112
0,0.0110158725,0,0.7710864903502502
0,0.0052958485,0,0.9090421729807004
0,0.011371193,0,0.8545389563974267
0,0.0037729235,0,0.9092208720514653
0,0.012359651,0,0.9342387419585418
0,0.004767424,0,0.9660471765546819
0,0.0046127983,0,0.7834167262330236
0,0.008658753,0,0.9043959971408149
0,0.015140708,0,0.9026090064331665
0,0.0028135092,0,0.9068977841315226
0,0.014550696,0,0.8927805575411007
0,0.0027479879,0,0.9671193709792709
0,0.009860592,0,0.9621157969978557
0,0.0025689933,0,0.9017155110793423
0,0.0423708,0,0.7517869907076483
0,0.004803227,0,0.7689421015010722
0,0.0022298489,0,0.9565761258041459
0,0.0048113894,0,0.8221944245889922
0,0.029989932,0,0.4966047176554682
0,0.008224857,0,0.8577555396711937
0,0.005633253,0,0.8177269478198713
0,0.0034499478,0,0.9862401715511079
0,0.0063189194,0,0.9233380986418871
0,0.0040385225,0,0.9170836311651179
0,0.0040775044,0,0.8951036454610436
0,0.008993643,0,0.9658684774839171
0,0.003564419,0,0.9256611865618298
0,0.093847066,0,0.8400643316654753
0,0.0015969602,0,0.9353109363831308
0,0.010496458,0,0.7049678341672623
0,0.0038521052,0,0.9381701215153682
0,0.039022047,0,0.8104002859185132
0,0.005875591,0,0.7535739814152966
0,0.003402161,0,0.9131522516082916
0,0.00599435,0,0.8600786275911365
0,0.008410018,0,0.9555039313795568
0,0.0015513602,0,0.9338813438170122
0,0.010863999,0,0.608470335954253
0,0.004667446,0,0.8708005718370264
0,0.047506943,0,0.9799857040743388
0,0.009871183,0,0.8295210864903503
0,0.0038660436,0,0.8738384560400286
0,2.552429e-06,0,0.9992852037169406
0,0.0036867247,0,0.8890278770550393
0,0.0054159695,0,0.8672265904217298
0,0.007113705,0,0.8783059328091494
0,0.0067061014,0,0.8030736240171551
0,0.003573603,0,0.9479985704074338
0,0.50271684,1,0.9303073624017155
0,0.0032321203,0,0.7380271622587563
0,0.0015397533,0,0.9966047176554682
0,0.0026839455,0,0.9565761258041459
0,0.0039010656,0,0.9823087919942817
0,0.00624162,0,0.7582201572551823
0,0.0020770086,0,0.9731951393852752
0,0.0035976686,0,0.7703716940671909
0,0.0046787346,0,0.975518227305218
0,0.002826306,0,0.9004646175839885
0,0.005112138,0,0.8472122944960686
0,0.06286425,0,0.8811651179413867
0,0.010195389,0,0.9544317369549679
0,0.0029069358,0,0.9706933523945676
0,0.0049952175,0,0.92012151536812
0,0.006300115,0,0.6175839885632595
0,0.0035817556,0,0.9889206576125804
0,0.006597005,0,0.9476411722659042
0,0.0038860266,0,0.9013581129378128
0,0.0032435698,0,0.841493924231594
0,0.004223975,0,0.977662616154396
0,0.0047190227,0,0.9058255897069335
0,5.4062175e-06,0,0.9987491065046462
0,0.0036075655,0,0.996783416726233
0,0.0020030418,0,0.9333452466047176
0,0.0028030907,0,0.916011436740529
0,0.0067658946,0,0.908506075768406
0,0.007579063,0,0.8825947105075054
0,0.0044596107,0,0.8364903502501787
0,0.0038129468,0,0.972301644031451
0,0.0041598985,0,0.862759113652609
0,0.0035039096,0,0.9070764832022874
0,0.0022238966,0,0.9919585418155825
0,0.0031891782,0,0.9049320943531094
0,0.0020579149,0,0.8271979985704074
0,0.0051592127,0,0.8439957112223017
0,0.018968323,0,0.9374553252323088
0,0.010232035,0,0.6636883488205861
0,0.009153698,0,0.9996426018584703
0,0.0031867505,0,0.9317369549678342
0,0.0038416788,0,0.839349535382416
0,0.4299366,0,0.46461758398856323
0,0.004197368,0,0.7651894210150108
0,0.010964994,0,0.9065403859899929
0,0.003943339,0,0.9513938527519656
0,0.0052020224,0,0.9858827734095783
0,0.00498975,0,0.8754467476769121
0,0.002213834,0,0.9487133666904932
0,0.01522737,0,0.6472480343102216
0,0.0027822133,0,0.8852751965689778
0,0.004797805,0,0.7941386704789135
0,0.0045913565,0,0.8370264474624732
0,0.0016017312,0,0.9785561115082202
0,0.00421731,0,0.8491779842744818
0,0.004578121,0,0.9035025017869907
0,0.0046460913,0,0.8473909935668335
0,0.008604012,0,0.911722659042173
0,0.003915199,0,0.9774839170836311
0,0.009777023,0,0.8368477483917084
0,0.0029547461,0,0.8706218727662616
0,0.0023024222,0,0.9687276626161544
0,0.006117963,0,0.8157612580414582
0,0.0030932776,0,0.9665832737669764
0,0.0060118823,0,0.8423874195854182
0,0.015360883,0,0.6036454610436026
0,0.007657565,0,0.8661543959971408
0,0.007290941,0,0.6704789135096497
0,0.005016117,0,0.9152966404574696
0,0.005904203,0,0.6576125804145818
0,0.96384454,1,0.9996426018584703
0,0.0019795727,0,0.9211937097927091
0,0.003328946,0,0.9681915654038599
0,0.019665474,0,0.9833809864188706
0,0.0011125666,0,0.9873123659756969
0,0.0064441813,0,0.8884917798427449
0,0.004593977,0,0.8300571837026447
0,0.009481045,0,0.6061472480343102
0,0.0046469946,0,0.9102930664760543
0,0.013076186,0,0.6486776268763402
0,0.03698958,0,0.7530378842030021
0,0.0042181145,0,0.8824160114367405
0,1.4218539e-05,0,0.9991065046461758
0,0.004313225,0,0.8745532523230879
0,0.008006205,0,0.6667262330235882
0,0.03001337,0,0.9231593995711223
0,0.0071434444,0,0.9814152966404575
0,0.0034709459,0,0.8738384560400286
0,0.014052575,0,0.9344174410293067
0,0.0047239307,0,0.8516797712651895
0,0.0018957161,0,0.823445318084346
0,0.005082921,0,0.8316654753395283
0,0.003966488,0,0.9610436025732666
0,0.008879248,0,0.6515368120085776
0,0.0021249307,0,0.9808791994281629
0,0.010126205,0,0.7051465332380271
0,0.023268582,0,0.5852394567548249
0,0.0045705563,0,0.7989635453895639
0,0.0046279384,0,0.9387062187276626
0,0.010550998,0,0.688348820586133
0,0.006047135,0,0.8597212294496068
0,0.007936582,0,0.8045032165832737
0,0.003951693,0,0.8895639742673338
0,0.009501551,0,0.8216583273766976
0,0.007679838,0,0.6038241601143675
0,0.00359799,0,0.9410293066476054
0,0.0020947831,0,0.9894567548248749
0,0.0005369748,0,0.9973195139385275
0,0.0022714173,0,0.9614010007147963
0,0.006655062,0,0.8534667619728378
0,0.0026038121,0,0.831844174410293
0,0.0008722507,0,0.9471050750536097
0,0.0044456813,0,0.974446032880629
0,0.004564304,0,0.8556111508220158
0,0.007252979,0,0.8834882058613295
0,0.0061664637,0,0.6070407433881344
0,0.02056327,0,0.6166904932094354
0,0.0068422314,0,0.6107934238741959
0,0.0010609435,0,0.9985704074338814
0,0.015909348,0,0.9572909220872051
0,0.0095913345,0,0.8411365260900643
0,0.009109612,0,0.5452108649035025
0,0.0043663993,0,0.9335239456754825
0,0.004826267,0,0.8695496783416726
0,0.003587744,0,0.8833095067905646
0,0.0062727937,0,0.7984274481772695
0,0.008234345,0,0.8611508220157256
0,0.0057387403,0,0.9345961401000715
0,0.0027742337,0,0.9674767691208006
0,0.018862305,0,0.6004288777698356
0,0.008680785,0,0.6518942101501072
0,0.012715296,0,0.7878842030021443
0,0.035418734,0,0.6711937097927091
0,0.0030344725,0,0.943709792709078
0,0.0031854755,0,0.9169049320943531
0,0.0038680863,0,0.8824160114367405
0,0.0021053895,0,0.8647248034310222
0,0.0037115845,0,0.8625804145818442
0,0.009813385,0,0.9312008577555396
0,0.02101853,0,0.5982844889206577
0,0.007241671,0,0.9119013581129378
0,0.0024718281,0,0.889385275196569
0,0.003996076,0,0.998927805575411
0,0.0066652074,0,0.9254824874910651
0,0.0022885553,0,0.981951393852752
0,0.007139172,0,0.8643674052894925
0,0.0057887346,0,0.771265189421015
0,0.002260729,0,0.9594353109363831
0,0.0011890692,0,0.9874910650464618
0,0.004487634,0,0.8459614010007148
0,0.006966734,0,0.6299142244460328
0,0.008449957,0,0.9088634739099357
0,0.0033705197,0,0.8688348820586133
0,0.0042548208,0,0.9399571122230165
0,0.0036067702,0,0.9481772694781987
0,0.019719098,0,0.46015010721944244
0,0.0022074936,0,0.9690850607576841
0,0.0001049435,0,0.9928520371694067
0,0.0044609914,0,0.9172623302358828
0,0.01094564,0,0.9605075053609721
0,0.0024763686,0,0.8850964974982131
0,0.0032506539,0,0.9590779127948534
0,0.01136546,0,0.8293423874195854
0,0.0016988855,0,0.9767691208005719
0,0.003618304,0,0.9029664045746962
0,0.88290894,1,0.9880271622587563
0,0.007965678,0,0.6647605432451751
0,0.21784623,0,0.9528234453180844
0,0.0031511125,0,0.8858112937812723
0,0.0032553538,0,0.988205861329521
0,0.003679757,0,0.9367405289492494
0,0.0069530504,0,0.916011436740529
0,0.010521558,0,0.8229092208720514
0,0.006373549,0,0.9842744817726948
0,0.027947301,0,0.5884560400285919
0,0.0030636995,0,0.9049320943531094
0,0.004676621,0,0.8050393137955683
0,0.006433504,0,0.8938527519656898
0,0.006384151,0,0.6940671908506075
0,0.0049903756,0,0.8886704789135097
0,0.0017798158,0,0.9896354538956398
0,0.88212514,1,0.6356325947105075
0,0.009786325,0,0.8779485346676197
0,0.004362003,0,0.9054681915654038
0,0.004201823,0,0.8557898498927805
0,0.06955985,0,0.46926375982844887
0,0.0043244255,0,0.8691922802001429
0,0.053818516,0,0.7544674767691208
0,0.00020456346,0,0.9976769120800572
0,0.13162827,0,0.7541100786275912
0,0.00721878,0,0.8961758398856325
0,0.009491045,0,0.5305575411007862
0,0.002095457,0,0.9592566118656183
0,0.004630487,0,0.9099356683345247
0,0.02176189,0,0.6747676912080057
0,0.021187428,0,0.8363116511794139
0,0.010271836,0,0.7246247319513939
0,0.0013273921,0,0.9869549678341673
0,0.003982514,0,0.8498927805575411
0,0.003461778,0,0.9179771265189421
0,0.0024638928,0,0.9771265189421015
0,0.0034122614,0,0.9460328806290207
0,0.005097912,0,0.6593995711222301
0,0.010781771,0,0.8829521086490351
0,0.0060267006,0,0.9823087919942817
0,0.0007937324,0,0.9948177269478199
0,0.0028306101,0,0.9490707648320229
0,0.006816248,0,0.8525732666190136
0,0.0018026102,0,0.9851679771265189
0,0.0032760715,0,0.979807005003574
0,0.0051937033,0,0.8320228734810579
0,0.011031114,0,0.5523588277340958
0,0.008105671,0,0.809685489635454
0,0.00599929,0,0.8016440314510365
0,0.006821944,0,0.9097569692637598
0,0.011049815,0,0.5986418870621872
0,0.007955557,0,0.9317369549678342
0,0.03686286,0,0.46443888491779844
0,0.0039286558,0,0.8053967119370979
0,0.0049781487,0,0.847927090779128
0,0.0016721004,0,0.9538956397426733
0,0.001956812,0,0.9814152966404575
0,0.0058371634,0,0.9077912794853467
0,0.013988294,0,0.5900643316654753
0,0.004966306,0,0.8786633309506791
0,0.02438139,0,0.8686561829878484
0,0.0124890115,0,0.7944960686204432
0,0.0069448375,0,0.777698355968549
0,0.0042594294,0,0.9790922087205146
0,0.0026225587,0,0.9689063616869192
0,0.007375482,0,0.8313080771979986
0,0.0023915512,0,0.8725875625446747
0,0.006806042,0,0.9665832737669764
0,0.0072473297,0,0.8538241601143675
0,0.010645449,0,0.9853466761972838
0,0.0063565224,0,0.9867762687634024
0,0.009133807,0,0.8239814152966405
0,0.0040073725,0,0.8036097212294496
0,0.004493249,0,0.9883845604002859
0,0.0022622417,0,0.8716940671908506
0,0.0013720158,0,0.9540743388134382
0,0.003955922,0,0.8581129378127234
0,0.0040508816,0,0.8254110078627591
0,0.002044994,0,0.9824874910650465
0,0.015220079,0,0.5827376697641172
0,0.007208986,0,0.8100428877769835
0,0.016214453,0,0.5030378842030021
0,0.0075836913,0,0.940314510364546
0,0.0014021358,0,0.9526447462473195
0,0.008720365,0,0.9163688348820586
0,0.0016997948,0,0.9546104360257327
0,0.012700518,0,0.8204074338813439
0,0.0052272724,0,0.9217298070050036
0,0.009356062,0,0.6772694781987134
0,0.87634534,1,0.38384560400285916
0,0.005951566,0,0.9748034310221587
0,0.02185525,0,0.906361686919228
0,0.0019961258,0,0.9783774124374554
0,0.0050754845,0,0.8874195854181558
0,0.004425492,0,0.7853824160114368
0,0.0067933793,0,0.8248749106504646
0,0.0034845136,0,0.9728377412437456
0,0.002734145,0,0.9672980700500358
0,0.005871125,0,0.8836669049320943
0,0.005780781,0,0.802180128663331
0,0.12037632,0,0.6136526090064331
0,0.009461175,0,0.8788420300214439
0,0.0036352698,0,0.8572194424588993
0,0.0032473058,0,0.9849892780557541
0,0.0041468698,0,0.8507862759113652
0,0.001693958,0,0.9689063616869192
0,0.0038594238,0,0.8632952108649035
0,0.0053483224,0,0.8804503216583274
0,0.012056074,0,0.8598999285203717
0,0.002379357,0,0.9045746962115797
0,0.008245155,0,0.6822730521801287
0,0.0044989004,0,0.8380986418870622
0,0.0042612096,0,0.8454253037884203
0,0.00341303,0,0.8134381701215153
0,0.0024667543,0,0.990350250178699
0,0.009478771,0,0.8672265904217298
0,0.009583239,0,0.9932094353109364
0,0.0143092135,0,0.6122230164403145
1,0.2765933,0,0.5112580414581844
1,0.021744581,0,0.6492137240886348
1,0.24628708,0,0.6356325947105075
1,0.069261,0,0.37634024303073627
1,0.01811502,0,0.49642601858470337
1,0.96003264,1,0.47230164403145103
1,0.9993478,1,0.5629020729092209
1,0.9997979,1,0.5294853466761973
1,0.9970955,1,0.8168334524660472
1,1.0,1,0.9985704074338814
1,0.24618942,0,0.6878127233738385
1,0.9882928,1,0.9883845604002859
1,0.9582578,1,0.6761972837741244
1,0.3484103,0,0.8536454610436026
1,0.025281746,0,0.6115082201572551
1,0.91857517,1,0.9558613295210865
1,0.04486693,0,0.6794138670478913
1,0.9995243,1,0.9855253752680486
1,0.97351503,1,0.496783416726233
1,0.7254013,1,0.47301644031451034
1,1.0,1,0.9966047176554682
1,0.9084984,1,0.5025017869907077
1,0.9947735,1,0.6697641172265905
1,0.10442942,0,0.8125446747676912
1,0.8545532,1,0.7796640457469621
1,0.99940896,1,0.9796283059328091
1,0.058703043,0,0.509649749821301
1,0.99986154,1,0.9869549678341673
1,0.9418348,1,0.6386704789135097
1,0.868562,1,0.9093995711222301
1,0.033552516,0,0.9496068620443173
1,0.9977401,1,0.9769478198713367
1,0.9998954,1,0.9837383845604003
1,0.9217547,1,0.6395639742673338
1,1.0,1,0.9966047176554682
1,0.8932747,1,0.521265189421015
1,0.30086562,0,0.5938170121515368
1,0.9986903,1,0.9846318799142244
1,0.007258207,0,0.8552537526804861
1,0.99993056,1,0.9844531808434596
1,0.46212414,0,0.9696211579699786
1,0.8422605,1,0.978734810578985
1,0.9853935,1,0.5219799857040743
1,0.69195104,1,0.7869907076483202
1,0.93431455,1,0.8768763402430307
1,0.8834816,1,0.9144031451036455
1,0.69250417,1,0.5609363831308077
1,0.87696236,1,0.5559328091493925
1,1.0,1,0.998927805575411
1,1.0,1,0.997855611150822
1,0.9999885,1,0.9865975696926376
1,0.9999341,1,0.9835596854896355
1,0.77191985,1,0.6865618298784847
1,0.9204034,1,0.4431736954967834
1,0.9998475,1,0.9815939957112223
1,1.0,1,0.9949964260185847
1,0.14733315,0,0.6134739099356683
1,0.9683356,1,0.9815939957112223
1,0.99912536,1,0.974446032880629
1,1.0,1,0.9985704074338814
1,1.0,1,0.998927805575411
1,0.99365926,1,0.4315582558970693
1,1.0,1,0.9982130092923517
1,0.9999977,1,0.9916011436740529
1,1.0,1,0.9966047176554682
1,0.9832624,1,0.9231593995711223
1,0.93065137,1,0.8747319513938527
1,0.9999999,1,0.9932094353109364
1,0.969358,1,0.8768763402430307
1,0.8021295,1,0.7662616154395997
1,0.9999998,1,0.9930307362401716
1,0.99999917,1,0.9917798427448177
1,0.38306054,0,0.9018942101501072
1,0.9998617,1,0.9805218012866334
1,1.0,1,0.9953538241601144
1,0.9998917,1,0.9805218012866334
1,0.9619568,1,0.5109006433166547
1,0.9802328,1,0.9026090064331665
1,0.98957175,1,0.9828448892065761
1,0.99475163,1,0.5321658327376698
1,0.9999995,1,0.9916011436740529
1,0.99998635,1,0.9857040743388135
1,0.690329,1,0.5318084345961401
1,0.99999726,1,0.9889206576125804
1,0.9920196,1,0.429771265189421
1,0.9999997,1,0.9921372408863474
1,0.9999984,1,0.9901715511079342
1,0.8482202,1,0.7989635453895639
1,0.9345532,1,0.8768763402430307
1,1.0,1,0.9944603288062902
1,0.9996916,1,0.9796283059328091
1,0.9950684,1,0.9674767691208006
1,1.0,1,0.998927805575411
1,0.91419303,1,0.5187634024303074
1,0.9999993,1,0.9910650464617584
1,1.0,1,0.9992852037169406
1,0.041260716,0,0.9907076483202287
1,0.99999726,1,0.9889206576125804
1,1.0,1,0.994639027877055
1,1.0,1,0.998927805575411
1,0.9870281,1,0.9614010007147963
1,0.3752855,0,0.4437097927090779
1,1.0,1,0.9996426018584703
1,0.9999992,1,0.9937455325232308
1,0.9386246,1,0.4669406719085061
1,1.0,1,0.9937455325232308
1,0.0036467735,0,0.8230879199428163
1,0.9901335,1,0.5268048606147248
1,0.7548288,1,0.527698355968549
1,0.9749666,1,0.4451393852751966
1,0.9999998,1,0.9928520371694067
1,0.99053556,1,0.4129735525375268
1,0.845684,1,0.44728377412437453
1,0.87203926,1,0.7580414581844175
1,1.0,1,0.9937455325232308
1,0.046757083,0,0.4537169406719085
1,0.9998895,1,0.9792709077912795
1,0.99221355,1,0.9136883488205861
1,0.8848063,1,0.7832380271622588
1,0.901698,1,0.8738384560400286
1,0.8513482,1,0.9805218012866334
1,1.0,1,0.9983917083631165
1,1.0,1,0.9976769120800572
1,0.99981415,1,0.9796283059328091
1,0.9999992,1,0.9908863473909936
1,0.99929786,1,0.9778413152251608
1,1.0,1,0.9958899213724088
1,0.99999964,1,0.9914224446032881
1,0.82931477,1,0.7196211579699786
1,0.9999892,1,0.9855253752680486
1,0.0438508,0,0.46175839885632597
1,0.0054224464,0,0.8522158684774839
1,0.019033492,0,0.557541100786276
1,0.950885,1,0.8078984989278056
1,1.0,1,0.9985704074338814
1,1.0,1,0.9966047176554682
1,1.0,1,0.998927805575411
1,0.4039651,0,0.38348820586132953
1,0.99864924,1,0.9374553252323088
1,1.0,1,0.998927805575411
1,0.9999999,1,0.9928520371694067
1,0.45222938,0,0.7612580414581844
1,1.0,1,0.9974982130092923
1,0.992584,1,0.48909935668334525
1,0.59189534,1,0.6266976411722659
1,0.9999998,1,0.9912437455325233
1,0.97360444,1,0.9070764832022874
1,1.0,1,0.9944603288062902
1,1.0,1,0.9966047176554682
1,0.9999929,1,0.9860614724803431
1,0.98565674,1,0.48070050035739814
1,0.9999708,1,0.9865975696926376
1,1.0,1,0.9985704074338814
1,0.2937369,0,0.49696211579699784
1,0.99999994,1,0.9933881343817013
1,1.0,1,0.9962473195139385
1,0.9303614,1,0.6200857755539672
1,0.059836045,0,0.6931736954967834
1,0.99999994,1,0.9928520371694067
1,0.9936542,1,0.9229807005003574
1,0.89686126,1,0.47283774124374556
1,1.0,1,0.998927805575411
1,0.98716104,1,0.5938170121515368
1,0.98401827,1,0.3913509649749821
1,0.97811574,1,0.9835596854896355
1,0.9999969,1,0.9864188706218727
1,0.25442174,0,0.7006790564689064
1,0.999995,1,0.9848105789849892
1,1.0,1,0.998927805575411
1,1.0,1,0.9985704074338814
1,0.98483497,1,0.82987848463188
1,0.9999998,1,0.9910650464617584
1,1.0,1,0.9937455325232308
1,1.0,1,0.997855611150822
1,1.0,1,0.9937455325232308
1,0.9669518,1,0.6070407433881344
1,0.9999973,1,0.9864188706218727
1,0.9686085,1,0.770192994996426
1,0.9993425,1,0.9408506075768406
1,0.9871698,1,0.7458899213724088
1,0.77643365,1,0.8845604002859185
1,0.9849886,1,0.9353109363831308
1,0.7225303,1,0.7710864903502502
1,1.0,1,0.998927805575411
1,1.0,1,0.9992852037169406
1,0.99988997,1,0.9712294496068621
1,0.021523887,0,0.5318084345961401
1,0.011372974,0,0.9488920657612581
1,0.97445124,1,0.39188706218727665
1,0.99978745,1,0.9708720514653324
1,1.0,1,0.9985704074338814
1,0.9998934,1,0.9719442458899213
1,0.9997132,1,0.9828448892065761
1,0.9961721,1,0.8431022158684774
1,0.99994564,1,0.9805218012866334
1,0.23202184,0,0.411722659042173
1,0.9998812,1,0.9699785561115082
1,1.0,1,0.9944603288062902
1,1.0,1,0.998927805575411
1,1.0,1,0.9953538241601144
1,0.99999714,1,0.9855253752680486
1,0.99996185,1,0.9889206576125804
1,0.99838763,1,0.9622944960686205
1,0.8217207,1,0.6286633309506791
1,0.9998873,1,0.9758756254467477
1,0.99735695,1,0.8986776268763402
1,0.97746223,1,0.4131522516082916
1,0.99999994,1,0.9919585418155825
1,1.0,1,0.9985704074338814
1,0.9997955,1,0.9571122230164403
1,1.0,1,0.9985704074338814
1,0.87493205,1,0.4458541815582559
1,0.9996935,1,0.9490707648320229
1,1.0,1,0.998927805575411
1,1.0,1,0.9974982130092923
1,1.0,1,0.998927805575411
1,0.99999946,1,0.9878484631879915
1,0.9873318,1,0.5396711937097927
1,1.0,1,0.9985704074338814
1,1.0,1,0.9949964260185847
1,0.8743205,1,0.5995353824160115
1,0.9610282,1,0.7735882773409578
1,5.1009254e-05,0,0.9985704074338814
1,1.0,1,0.9985704074338814
1,1.0,1,0.9973195139385275
1,1.0,1,0.998927805575411
1,0.99989545,1,0.9783774124374554
1,1.0,1,0.9976769120800572
1,0.9949908,1,0.7700142959256612
1,0.21632795,0,0.41476054324517514
1,1.0,1,0.9985704074338814
1,1.0,1,0.9992852037169406
1,0.9983538,1,0.9049320943531094
1,0.89889854,1,0.8014653323802716
1,0.9961917,1,0.891529664045747
1,0.99122834,1,0.8104002859185132
1,0.99718636,1,0.884024303073624
1,1.0,1,0.9939242315939957
1,1.0,1,0.9996426018584703
1,1.0,1,0.9939242315939957
1,0.89029086,1,0.8951036454610436
1,0.99973977,1,0.9374553252323088
1,0.88427126,1,0.44460328806290206
1,1.0,1,0.9982130092923517
1,0.9954603,1,0.42726947819871336
1,1.0,1,0.9980343102215868
1,1.0,1,0.9985704074338814
1,1.0,1,0.9933881343817013
1,0.99998784,1,0.9801644031451037
1,0.9991983,1,0.9258398856325947
1,0.9994065,1,0.8834882058613295
1,0.9955536,1,0.9724803431022159
1,1.0,1,0.9933881343817013
1,0.99999267,1,0.9901715511079342
1,0.9994404,1,0.8834882058613295
1,1.0,1,0.9982130092923517
1,1.0,1,0.9985704074338814
1,0.9922404,1,0.8368477483917084
1,0.9999295,1,0.9699785561115082
1,0.99999994,1,0.9910650464617584
1,1.0,1,0.9937455325232308
1,0.9999504,1,0.9689063616869192
1,0.9996955,1,0.9133309506790565
1,0.9313926,1,0.7648320228734811
1,1.0,1,0.9985704074338814
1,1.0,1,0.9944603288062902
1,1.0,1,1.0
1,0.33976442,0,0.5384203002144389
1,0.99999964,1,0.988205861329521
1,1.0,1,0.9996426018584703
1,0.99954337,1,0.9113652609006433
1,0.97557694,1,0.5655825589706933
1,0.99969333,1,0.911722659042173
1,0.99999833,1,0.9842744817726948
1,0.9981061,1,0.7576840600428878
1,0.9280784,1,0.8963545389563974
1,0.9999931,1,0.9810578984989278
1,0.004839353,0,0.9337026447462473
1,1.0,1,0.9974982130092923
1,0.9999492,1,0.9665832737669764
1,1.0,1,0.9996426018584703
1,0.9999265,1,0.9835596854896355
1,1.0,1,0.9992852037169406
1,0.99931324,1,0.9101143674052895
1,1.0,1,0.9948177269478199
1,1.0,1,0.9992852037169406
1,0.9904903,1,0.5664760543245175
1,0.9991735,1,0.8423874195854182
1,0.97712773,1,0.9551465332380271
1,0.9999745,1,0.9796283059328091
1,0.99999964,1,0.9865975696926376
1,0.9999099,1,0.9476411722659042
1,0.99966437,1,0.907433881343817
1,0.9999997,1,0.9871336669049321
1,0.03326687,0,0.5546819156540386
1,0.99999636,1,0.9823087919942817
1,0.99998593,1,0.9821300929235168
1,0.9999958,1,0.9837383845604003
1,0.99983585,1,0.9185132237312366
1,0.99552613,1,0.748927805575411
1,0.9960119,1,0.740350250178699
1,0.8087208,1,0.5044674767691208
1,0.99984854,1,0.9217298070050036
1,0.040447894,0,0.6258041458184418
1,0.9933887,1,0.6772694781987134
1,1.0,1,0.9994639027877055
1,1.0,1,0.9976769120800572
1,0.99995464,1,0.9746247319513939
1,0.99569464,1,0.8354181558255898
1,0.9989539,1,0.8173695496783416
1,0.9993355,1,0.9864188706218727
1,1.0,1,0.9985704074338814
1,0.99999493,1,0.9833809864188706
1,0.9999927,1,0.988205861329521
1,0.20236751,0,0.3979628305932809
1,1.0,1,0.998927805575411
1,1.0,1,0.9951751250893496
1,1.0,1,0.9948177269478199
1,1.0,1,0.9932094353109364
1,1.0,1,0.998927805575411
1,1.0,1,0.9985704074338814
1,1.0,1,0.9985704074338814
1,0.975051,1,0.4011794138670479
1,1.0,1,0.9944603288062902
1,1.0,1,0.9982130092923517
1,1.0,1,0.998927805575411
1,1.0,1,0.9937455325232308
1,0.98974484,1,0.911722659042173
1,1.0,1,0.9983917083631165
1,0.9999998,1,0.9932094353109364
1,1.0,1,0.9937455325232308
1,0.99999994,1,0.9899928520371694
1,1.0,1,0.9937455325232308
1,1.0,1,0.9937455325232308
1,0.99995965,1,0.9689063616869192
1,1.0,1,0.9937455325232308
1,0.2653098,0,0.5191208005718371
1,1.0,1,1.0
1,0.99941933,1,0.8400643316654753
1,0.9653084,1,0.4045746962115797
1,1.0,1,0.998927805575411
1,0.26031488,0,0.42655468191565404
1,0.7057579,1,0.41547533952823446
1,1.0,1,0.9992852037169406
1,0.9999968,1,0.9774839170836311
1,0.9170513,1,0.9865975696926376
1,0.9998211,1,0.937276626161544
1,0.99926287,1,0.8874195854181558
1,1.0,1,0.9916011436740529
1,0.99987614,1,0.8827734095782702
1,0.9999992,1,0.9824874910650465
1,0.99999946,1,0.9901715511079342
1,0.8929088,1,0.4093995711222302
1,0.9982401,1,0.46622587562544676
1,1.0,1,0.9910650464617584
1,1.0,1,0.9991065046461758
1,1.0,1,0.9944603288062902
1,1.0,1,0.9928520371694067
1,0.9999762,1,0.975518227305218
1,0.9999039,1,0.9535382416011436
1,0.8679277,1,0.572373123659757
1,0.999976,1,0.9828448892065761
1,0.9374881,1,0.7878842030021443
1,0.886681,1,0.4996426018584703
1,0.9942405,1,0.9614010007147963
1,0.9995612,1,0.9328091493924232
1,0.9808886,1,0.41994281629735525
1,0.870753,1,0.5684417441029307
1,1.0,1,0.9928520371694067
1,0.9998616,1,0.8811651179413867
1,1.0,1,0.9982130092923517
1,1.0,1,0.9985704074338814
1,0.9999855,1,0.9640814867762688
1,0.9999992,1,0.9823087919942817
1,0.9999937,1,0.9889206576125804
1,1.0,1,0.9966047176554682
1,1.0,1,0.9974982130092923
1,1.0,1,0.997855611150822
1,1.0,1,0.9980343102215868
1,0.5935328,1,0.6254467476769121
1,0.9999998,1,0.9932094353109364
1,0.99987155,1,0.9331665475339528
1,0.99996686,1,0.9785561115082202
1,0.98495805,1,0.8963545389563974
1,0.98579943,1,0.41994281629735525
1,1.0,1,0.9937455325232308
1,0.99998873,1,0.9635453895639743
1,0.017359192,0,0.9865975696926376
1,0.99725866,1,0.9047533952823446
1,0.2603203,0,0.6577912794853467
1,0.9996457,1,0.6331308077197999
1,0.99999994,1,0.9885632594710507
1,1.0,1,0.9992852037169406
1,0.017259365,0,0.7955682630450321
1,1.0,1,0.9982130092923517
1,0.9998465,1,0.8182630450321658
1,0.9999449,1,0.9792709077912795
1,0.99992913,1,0.8917083631165118
1,1.0,1,0.9937455325232308
1,0.99747574,1,0.5339528234453181
1,1.0,1,0.9933881343817013
1,0.99969167,1,0.833988563259471
1,0.9991362,1,0.6992494639027877
1,1.0,1,0.9992852037169406
1,1.0,1,0.9992852037169406
1,0.09362008,0,0.5259113652609007
1,1.0,1,0.9892780557541101
1,1.0,1,0.9982130092923517
1,0.050547406,0,0.6588634739099357
1,0.93062913,1,0.972301644031451
1,1.0,1,0.9985704074338814
1,0.99999654,1,0.9737312365975697
1,1.0,1,0.9994639027877055
1,0.9794006,1,0.7610793423874196
1,1.0,1,1.0
1,1.0,1,0.9899928520371694
1,1.0,1,0.9928520371694067
1,1.0,1,0.9944603288062902
1,0.99999994,1,0.9939242315939957
1,1.0,1,0.998927805575411
1,1.0,1,0.9944603288062902
1,1.0,1,0.9951751250893496
1,1.0,1,0.9983917083631165
1,0.8412004,1,0.49571122230164405
1,0.99854326,1,0.5462830593280915
1,0.997235,1,0.5178699070764832
1,1.0,1,0.998927805575411
1,0.9999997,1,0.9824874910650465
1,1.0,1,0.9974982130092923
1,0.9870161,1,0.5243030736240172
1,0.9999995,1,0.9815939957112223
1,1.0,1,0.9941029306647605
1,0.9999991,1,0.979807005003574
1,0.99911433,1,0.5194781987133666
1,1.0,1,0.9976769120800572
1,0.98738,1,0.6504646175839885
1,0.08870661,0,0.9619370979270908
1,0.9840375,1,0.45568263045032165
1,1.0,1,0.9910650464617584
1,0.9929808,1,0.4458541815582559
1,1.0,1,0.9964260185847034
1,1.0,1,0.998927805575411
1,1.0,1,0.998927805575411
1,1.0,1,0.9958899213724088
1,1.0,1,0.9982130092923517
1,1.0,1,0.9966047176554682
1,1.0,1,0.9985704074338814
1,1.0,1,0.998927805575411
1,1.0,1,1.0
1,0.9988231,1,0.6956754824874911
1,1.0,1,0.9976769120800572
1,0.99999994,1,0.9864188706218727
1,1.0,1,0.9985704074338814
1,0.04633572,0,0.8933166547533953
1,1.0,1,0.9985704074338814
1,0.9999987,1,0.9781987133666905
1,0.9963585,1,0.4131522516082916
1,0.99954265,1,0.5232308791994281
1,1.0,1,0.9969621157969979
1,0.028365105,0,0.8645461043602574
1,1.0,1,0.9933881343817013
1,1.0,1,0.9942816297355254
1,0.99995106,1,0.8080771979985704
1,1.0,1,0.9991065046461758
1,1.0,1,0.9985704074338814
1,1.0,1,0.998927805575411
1,1.0,1,1.0
1,0.17058426,0,0.7280200142959257
1,1.0,1,0.9985704074338814
1,1.0,1,0.9985704074338814
1,1.0,1,0.9985704074338814
1,1.0,1,0.9966047176554682
1,0.9999238,1,0.775553967119371
1,0.9980288,1,0.4381701215153681
1,0.8639746,1,0.9699785561115082
1,0.9303756,1,0.5782701929949964
1,0.020187225,0,0.7880629020729092
1,0.99999976,1,0.9815939957112223
1,1.0,1,0.998927805575411
1,1.0,1,0.998927805575411
1,1.0,1,0.995711222301644
1,0.9999997,1,0.981951393852752
1,1.0,1,0.998927805575411
1,1.0,1,0.998927805575411
1,0.27821806,0,0.9889206576125804
1,1.0,1,0.9992852037169406
1,1.0,1,0.998927805575411
1,0.99999994,1,0.9928520371694067
1,0.9733726,1,0.4690850607576841
1,1.0,1,0.998927805575411
1,0.9992454,1,0.8459614010007148
1,0.9999999,1,0.9926733380986419
1,1.0,1,0.998927805575411
1,0.83880913,1,0.8663330950679057
1,1.0,1,0.988205861329521
1,1.0,1,0.997855611150822
1,1.0,1,0.9994639027877055
1,1.0,1,0.998927805575411
1,0.96874416,1,0.5409220872051466
1,1.0,1,1.0
1,0.99900734,1,0.5502144388849178
1,1.0,1,0.997855611150822
1,1.0,1,0.998927805575411
1,1.0,1,0.998927805575411
1,1.0,1,0.9992852037169406
1,0.3543256,0,0.979807005003574
1,0.999924,1,0.6109721229449607
1,1.0,1,0.998927805575411
1,0.9965172,1,0.5834524660471766
1,0.9998437,1,0.7871694067190851
1,0.99920946,1,0.5044674767691208
1,1.0,1,0.9923159399571122
1,1.0,1,0.998927805575411
1,0.9999993,1,0.9805218012866334
1,0.99997336,1,0.9549678341672623
1,0.9999989,1,0.9823087919942817
1,0.9851182,1,0.5402072909220872
1,1.0,1,0.9939242315939957
1,1.0,1,0.9937455325232308
1,0.9996399,1,0.42548248749106504
1,1.0,1,0.9928520371694067
1,0.99999994,1,0.9864188706218727
1,0.99876887,1,0.6697641172265905
1,0.99974847,1,0.46015010721944244
1,1.0,1,0.9982130092923517
1,1.0,1,0.9982130092923517
1,1.0,1,0.9933881343817013
1,1.0,1,0.9985704074338814
1,1.0,1,0.9910650464617584
1,1.0,1,0.998927805575411
1,0.99923825,1,0.8850964974982131
1,0.9912779,1,0.9588992137240886
1,1.0,1,0.9976769120800572
1,1.0,1,0.9966047176554682
1,1.0,1,0.9992852037169406
1,0.99998856,1,0.9047533952823446
1,1.0,1,0.9937455325232308
1,1.0,1,0.9939242315939957
1,0.9999114,1,0.505360972122945
1,0.9999401,1,0.9746247319513939
1,0.004357727,0,0.995711222301644
1,1.0,1,0.9991065046461758
1,0.999063,1,0.4253037884203002
1,0.9999992,1,0.972301644031451
1,1.0,1,1.0
1,1.0,1,0.9985704074338814
1,1.0,1,0.9889206576125804
1,0.048202008,0,0.7671551107934239
1,1.0,1,0.9905289492494639
1,1.0,1,0.9985704074338814
1,1.0,1,0.9937455325232308
1,0.9999999,1,0.9814152966404575
1,0.99999547,1,0.9165475339528234
1,0.99999994,1,0.992494639027877
1,1.0,1,0.9910650464617584
1,1.0,1,0.9991065046461758
1,0.9999993,1,0.9801644031451037
1,0.0070659188,0,0.8752680486061473
1,0.99935347,1,0.5600428877769835
1,0.9995625,1,0.41994281629735525
1,1.0,1,0.9865975696926376
1,0.9990445,1,0.44728377412437453
1,0.92708427,1,0.5173338098641888
1,0.99974644,1,0.42655468191565404
1,0.9999848,1,0.9374553252323088
1,0.99697334,1,0.4156540385989993
1,1.0,1,0.9992852037169406
1,1.0,1,0.9985704074338814
1,1.0,1,0.9932094353109364
1,0.9998505,1,0.44228020014295927
1,0.99999994,1,0.9848105789849892
1,0.99605376,1,0.8314867762687634
1,1.0,1,0.9969621157969979
1,1.0,1,0.9937455325232308
1,1.0,1,0.9885632594710507
1,1.0,1,0.9985704074338814
1,1.0,1,0.998927805575411
1,0.9996127,1,0.38384560400285916
1,0.99950844,1,0.49803431022158684
1,0.999997,1,0.9689063616869192
1,1.0,1,0.9983917083631165
1,1.0,1,0.9992852037169406
1,1.0,1,0.9865975696926376
1,1.0,1,0.9869549678341673
1,1.0,1,1.0
1,0.9999985,1,0.9535382416011436
1,1.0,1,0.9985704074338814
1,0.99994797,1,0.955325232308792
1,0.72929686,1,0.4710507505360972
1,0.97860783,1,0.5109006433166547
1,1.0,1,0.9966047176554682
1,0.9999957,1,0.9161901358112938
1,1.0,1,0.9992852037169406
1,1.0,1,0.9937455325232308
1,0.8559333,1,0.44353109363831306
1,0.9999976,1,0.9326304503216584
1,1.0,1,0.9939242315939957
1,0.9999959,1,0.8899213724088635
1,1.0,1,0.9994639027877055
1,1.0,1,0.9992852037169406
1,0.9999999,1,0.9837383845604003
1,0.9999115,1,0.44889206576125806
1,0.9997762,1,0.8902787705503932
1,1.0,1,0.997855611150822
1,1.0,1,0.9985704074338814
1,0.9999999,1,0.9796283059328091
1,1.0,1,0.998927805575411
1,0.999535,1,0.9258398856325947
1,1.0,1,0.9992852037169406
1,1.0,1,0.9992852037169406
1,1.0,1,0.998927805575411
1,0.92860365,1,0.4815939957112223
1,0.9999999,1,0.9785561115082202
1,0.99998635,1,0.9047533952823446
1,0.21770231,0,0.9151179413867048
1,1.0,1,0.9865975696926376
1,1.0,1,0.9985704074338814
1,1.0,1,0.998927805575411
1,1.0,1,0.9991065046461758
1,1.0,1,0.9928520371694067
1,1.0,1,0.9992852037169406
1,0.9980049,1,0.5868477483917084
1,0.99993706,1,0.9188706218727662
1,1.0,1,0.9982130092923517
1,0.9989396,1,0.4274481772694782
1,1.0,1,0.9865975696926376
1,0.9998577,1,0.3979628305932809
1,1.0,1,0.9974982130092923
1,1.0,1,0.9992852037169406
1,1.0,1,0.998927805575411
1,1.0,1,0.9992852037169406
1,1.0,1,0.9864188706218727
1,0.99999994,1,0.9842744817726948
1,0.99992156,1,0.6985346676197284
1,1.0,1,1.0
1,0.9999997,1,0.9658684774839171
1,1.0,1,0.9974982130092923
1,1.0,1,1.0
1,1.0,1,0.9992852037169406
1,0.9999823,1,0.8884917798427449
1,0.9998227,1,0.521265189421015
1,0.94070023,1,0.47408863473909935
1,0.99999815,1,0.9619370979270908
1,0.9999999,1,0.9774839170836311
1,1.0,1,0.9985704074338814
1,1.0,1,0.9937455325232308
1,0.99999654,1,0.9571122230164403
1,1.0,1,0.9992852037169406
1,1.0,1,0.9974982130092923
1,0.9999656,1,0.4665832737669764
1,1.0,1,0.9815939957112223
1,1.0,1,0.9933881343817013
1,1.0,1,0.9974982130092923
1,0.99999005,1,0.7973552537526805
1,1.0,1,0.9992852037169406
1,0.19110195,0,0.9815939957112223
1,1.0,1,0.9976769120800572
1,1.0,1,0.9976769120800572
1,1.0,1,0.997855611150822
1,0.9942802,1,0.7056826304503216
1,1.0,1,0.9865975696926376
1,0.9999999,1,0.9739099356683345
1,0.9999933,1,0.8622230164403145
1,1.0,1,0.9908863473909936
1,1.0,1,0.9982130092923517
1,0.99999994,1,0.9778413152251608
1,1.0,1,0.9996426018584703
1,0.99999994,1,0.9898141529664046
1,0.999989,1,0.5364546104360257
1,1.0,1,0.9966047176554682
1,0.99999994,1,0.9760543245175125
1,0.9999975,1,0.8470335954253038
1,0.9999974,1,0.8491779842744818
1,1.0,1,0.9992852037169406
1,1.0,1,0.9985704074338814
1,1.0,1,0.9878484631879915
1,0.99999994,1,0.9901715511079342
1,0.9999039,1,0.9002859185132237
1,1.0,1,0.998927805575411
1,1.0,1,0.998927805575411
1,1.0,1,0.9933881343817013
1,1.0,1,0.9980343102215868
1,1.0,1,0.9815939957112223
1,1.0,1,0.9980343102215868
1,1.0,1,0.9889206576125804
1,1.0,1,0.9928520371694067
1,0.99991107,1,0.4815939957112223
1,1.0,1,0.9985704074338814
1,1.0,1,0.9992852037169406
1,0.9999434,1,0.8799142244460328
1,1.0,1,0.9991065046461758
1,1.0,1,0.9889206576125804
1,1.0,1,0.9933881343817013
1,1.0,1,0.9951751250893496
1,1.0,1,0.9966047176554682
1,1.0,1,0.998927805575411
1,0.9999992,1,0.9245889921372409
1,0.99998635,1,0.4767691208005718
1,1.0,1,0.9992852037169406
1,0.99957454,1,0.889385275196569
1,1.0,1,0.9985704074338814
1,1.0,1,0.9933881343817013
1,1.0,1,0.9937455325232308
1,0.99998945,1,0.8974267333809864
1,1.0,1,0.9774839170836311
1,1.0,1,0.9985704074338814
1,1.0,1,0.9951751250893496
1,0.9999962,1,0.5977483917083631
1,0.99997354,1,0.9621157969978557
1,1.0,1,0.9919585418155825
1,0.9999999,1,0.9833809864188706
1,0.9913651,1,0.6118656182987848
1,1.0,1,0.9996426018584703
1,0.9943573,1,0.7869907076483202
1,0.91640013,1,0.9580057183702645
1,1.0,1,0.9865975696926376
1,1.0,1,0.9996426018584703
1,1.0,1,0.9781987133666905
1,0.9922504,1,0.5771979985704074
1,0.999994,1,0.8168334524660472
1,1.0,1,0.9864188706218727
1,1.0,1,0.9983917083631165
1,1.0,1,0.9991065046461758
1,0.99999946,1,0.5888134381701216
1,1.0,1,0.9985704074338814
1,0.9999994,1,0.6724446032880629
1,1.0,1,0.9985704074338814
1,0.99999917,1,0.588277340957827
1,0.99999917,1,0.6238384560400286
1,0.9999985,1,0.4973195139385275
1,0.9999984,1,0.5060757684060043
1,0.9999871,1,0.5870264474624732
1,0.99999875,1,0.5654038598999285
1,0.99999976,1,0.8513223731236598
1,0.999999,1,0.5918513223731237
1,0.9999997,1,0.8420300214438885
1,0.9999995,1,0.7918155825589707
1,0.9999999,1,0.8899213724088635
1,0.9999987,1,0.5657612580414582
1,0.9999986,1,0.544674767691208
1,0.9999983,1,0.5555754110078628
1,0.99999994,1,0.9258398856325947
1,0.9999986,1,0.565939957112223
1,0.99999917,1,0.615975696926376
1,1.0,1,0.9714081486776269
1,1.0,1,0.9694424588992138
1,0.999999,1,0.5900643316654753
1,1.0,1,0.9642601858470335
1,0.9999987,1,0.5654038598999285
1,0.9999994,1,0.676554681915654
1,0.9999982,1,0.5210864903502502
1,0.9999985,1,0.5318084345961401
1,0.9999994,1,0.6913867047891351
1,0.99999833,1,0.5243030736240172
1,1.0,1,0.9665832737669764
1,0.999999,1,0.5771979985704074
1,0.99999946,1,0.6899571122230165
1,0.99999946,1,0.6842387419585418
1,0.99999994,1,0.9404932094353109
1,0.9999994,1,0.6697641172265905
1,0.99999976,1,0.865975696926376
1,0.9999991,1,0.618120085775554
1,0.9999986,1,0.5696926375982845
1,0.99999857,1,0.5487848463187991
1,0.99999946,1,0.6842387419585418
1,0.9999991,1,0.593638313080772
1,0.99999857,1,0.5487848463187991
1,0.9999997,1,0.8464974982130093
1,0.9999992,1,0.6288420300214439
1,0.9999994,1,0.608470335954253
1,0.9999993,1,0.6327734095782702
1,0.9999983,1,0.5310936383130808
1,0.9998515,1,0.5318084345961401
1,0.9999997,1,0.8380986418870622
1,0.99999857,1,0.5355611150822016
1,0.9999998,1,0.8800929235167977
1,0.99999934,1,0.6367047891350965
1,0.9999992,1,0.6107934238741959
1,0.99999934,1,0.6115082201572551
1,0.9999986,1,0.5571837026447463
1,0.999999,1,0.6018584703359543
1,0.99999875,1,0.5584345961401
1,0.9999981,1,0.5182273052180129
1,0.99999917,1,0.6216940671908506
1,1.0,1,0.9672980700500358
1,0.99999994,1,0.913867047891351
1,0.9999984,1,0.5469978556111508
1,0.99999875,1,0.5598641887062187
1,0.9999985,1,0.5139385275196569
1,0.9999984,1,0.5194781987133666
1,0.99999875,1,0.5700500357398142
1,0.99999946,1,0.7183702644746247
1,0.99999887,1,0.565939957112223
1,0.9999995,1,0.7097927090779128
1,0.99999833,1,0.5235882773409578
1,0.99993914,1,0.5773766976411723
1,0.9999984,1,0.5316297355253753
1,0.9999994,1,0.6560042887776983
1,0.99999845,1,0.5489635453895639
1,0.9999995,1,0.7296283059328091
1,0.9999993,1,0.6358112937812723
1,0.99999934,1,0.6742315939957112
1,0.9999983,1,0.5280557541100787
1,0.99999976,1,0.865975696926376
1,0.99999875,1,0.5655825589706933
1,0.9999991,1,0.6065046461758399
1,0.99999887,1,0.5738027162258756
1,0.9999988,1,0.5629020729092209
1,0.99999946,1,0.7038956397426733
1,0.9999987,1,0.5707648320228735
1,0.99999887,1,0.5707648320228735
1,0.9999984,1,0.523409578270193
1,0.99999887,1,0.573445318084346
1,0.9999996,1,0.7989635453895639
1,0.99999845,1,0.5221586847748392
1,0.9999994,1,0.634024303073624
1,0.9999983,1,0.5514653323802716
1,0.99999833,1,0.5033952823445318
1,0.9999985,1,0.5384203002144389
1,0.99999946,1,0.684060042887777
1,0.9999986,1,0.5225160829163689
1,0.9999995,1,0.742494639027877
1,0.99999917,1,0.6229449606862044
1,0.9999991,1,0.5973909935668335
1,1.0,1,0.972301644031451
1,0.99999845,1,0.5452108649035025
1,0.9999985,1,0.5146533238027162
1,0.99999905,1,0.6073981415296641
1,0.9999996,1,0.8145103645461044
1,0.99999547,1,0.8902787705503932
1,0.9999984,1,0.5300214438884918
1,0.99999595,1,0.7655468191565404
1,0.999999,1,0.5843459614010007
1,0.9999999,1,0.9088634739099357
1,0.9999985,1,0.5060757684060043
1,0.9999996,1,0.813795568263045
1,0.9999994,1,0.6953180843459614
1,0.9999991,1,0.6222301644031452
1,0.9999991,1,0.597927090779128
1,0.99999976,1,0.854181558255897
1,0.9999991,1,0.590421729807005
1,1.0,1,0.9528234453180844
1,0.9999999,1,0.9169049320943531
1,0.99999976,1,0.8468548963545389
1,0.9999985,1,0.5089349535382416
1,0.9999995,1,0.7689421015010722
1,0.9999984,1,0.5017869907076483
1,0.9999992,1,0.6115082201572551
1,0.999999,1,0.5888134381701216
1,0.9999816,1,0.5559328091493925
1,0.9999998,1,0.8799142244460328
1,0.99999964,1,0.790385989992852
1,0.99999833,1,0.540385989992852
1,0.9999984,1,0.5057183702644746
1,0.9999564,1,0.5959614010007148
1,0.99999964,1,0.7751965689778413
1,0.9999994,1,0.6583273766976412
1,0.9999985,1,0.5080414581844175
1,1.0,1,0.981951393852752
1,0.99999845,1,0.5092923516797713
1,0.99999845,1,0.5337741243745533
1,0.9999998,1,0.8902787705503932
1,0.9999994,1,0.6484989278055754
1,0.99997836,1,0.5520014295925662
1,0.99999845,1,0.5453895639742673
1,0.99997944,1,0.5520014295925662
1,0.99999946,1,0.7387419585418156
1,0.9999985,1,0.5355611150822016
1,0.9999984,1,0.557541100786276
1,0.9999998,1,0.875625446747677
1,0.99999875,1,0.5813080771979986
1,0.9999991,1,0.608470335954253
1,0.9999987,1,0.8656182987848463
1,0.99999887,1,0.5698713366690493
1,0.9999984,1,0.5318084345961401
1,0.9999992,1,0.6107934238741959
1,0.99999946,1,0.9088634739099357
1,0.99999976,1,0.868120085775554
1,0.9999932,1,0.6377769835596855
1,0.99999964,1,0.8111150822015726
1,0.9999986,1,0.5541458184417442
1,0.9999724,1,0.5275196568977841
1,0.9999995,1,0.761794138670479
1,0.99999946,1,0.7648320228734811
1,0.99999964,1,0.8248749106504646
1,0.99999887,1,0.5879199428162973
1,0.99999917,1,0.5848820586132952
1,0.9999994,1,0.6281272337383845
1,0.99999905,1,0.591493924231594
1,0.9999998,1,0.8827734095782702
1,0.9999995,1,0.752144388849178
1,0.9999989,1,0.571300929235168
1,0.99999857,1,0.5462830593280915
1,0.9999997,1,0.8236240171551108
1,0.99999887,1,0.5832737669764118
1,0.99999976,1,0.8552537526804861
1,0.9999994,1,0.6313438170121516
1,0.9999988,1,0.5813080771979986
1,0.99999857,1,0.5409220872051466
1,0.9999989,1,0.5541458184417442
1,0.99999917,1,0.6016797712651895
1,0.99999833,1,0.524481772694782
1,0.9999989,1,0.589349535382416
1,0.9999992,1,0.6016797712651895
1,0.99999917,1,0.5945318084345962
1,0.9999993,1,0.6156182987848463
1,0.99999946,1,0.6694067190850608
1,0.99999017,1,0.6004288777698356
1,0.99999994,1,0.9213724088634739
1,0.9999998,1,0.8983202287348105
1,0.99999934,1,0.6347390993566834
1,0.99999917,1,0.6034667619728378
1,0.9999984,1,0.5271622587562544
1,0.99999833,1,0.5268048606147248
1,0.99999934,1,0.6704789135096497
1,1.0,1,0.9937455325232308
1,0.99999946,1,0.702108649035025
1,0.99999946,1,0.6302716225875625
1,1.0,1,0.9805218012866334
1,1.0,1,0.9774839170836311
1,0.9999985,1,0.49642601858470337
1,0.9999988,1,0.5645103645461044
1,0.9999992,1,0.6327734095782702
1,0.9999998,1,0.8725875625446747
1,0.99999905,1,0.5829163688348821
1,0.99999857,1,0.5044674767691208
1,0.99999875,1,0.5530736240171551
1,0.9999986,1,0.496783416726233
1,0.9999995,1,0.7507147962830594
1,0.99999994,1,0.918155825589707
1,0.9999995,1,0.7737669764117227
1,0.9999991,1,0.5795210864903503
1,0.99999845,1,0.5520014295925662
1,0.9999993,1,0.6338456040028592
1,0.99999845,1,0.49588992137240884
1,0.99999887,1,0.5802358827734095
1,0.9999998,1,0.865975696926376
1,0.9999989,1,0.5789849892780558
1,0.9999975,1,0.8145103645461044
1,0.99999815,1,0.5194781987133666
1,1.0,1,0.9908863473909936
1,0.9999983,1,0.5218012866333095
1,0.9999995,1,0.7689421015010722
1,0.9999995,1,0.7081844174410293
1,0.99999976,1,0.8641887062187277
1,0.99999934,1,0.6368834882058614
1,0.9999987,1,0.5682630450321658
1,0.9999989,1,0.5825589706933524
1,0.9999992,1,0.6070407433881344
1,0.99999845,1,0.5128663330950679
1,0.9999986,1,0.4951751250893495
1,0.99999934,1,0.5982844889206577
1,0.9999988,1,0.5655825589706933
1,0.9999987,1,0.5621872766261615
1,0.9999989,1,0.5689778413152251
1,0.99999887,1,0.5629020729092209
1,0.9999999,1,0.8951036454610436
1,0.9999987,1,0.5639742673338098
1,0.999999,1,0.5943531093638313
1,0.99999833,1,0.5355611150822016
1,0.99999976,1,0.856325947105075
1,0.9999979,1,0.49320943531093636
1,0.9999999,1,0.9210150107219442
1,0.9999989,1,0.5920300214438885
1,0.9999994,1,0.6492137240886348
1,0.9999993,1,0.6107934238741959
1,0.9999986,1,0.5609363831308077
1,0.9999986,1,0.5132237312365976
1,0.99999976,1,0.8438170121515368
1,0.99999994,1,0.9245889921372409
1,0.99999845,1,0.5109006433166547
1,0.9999992,1,0.6352751965689778
1,1.0,1,0.9764117226590422
1,0.9999984,1,0.5409220872051466
1,0.9999995,1,0.7498213009292352
1,0.99999547,1,0.8902787705503932
1,0.9999999,1,0.8922444603288063
1,0.9999994,1,0.6191922802001429
1,0.99999887,1,0.5796997855611151
1,0.99999946,1,0.679771265189421
1,0.9999746,1,0.5344889206576126
1,0.9999993,1,0.6156182987848463
1,0.99999946,1,0.7046104360257327
1,0.9999988,1,0.562723373838456
1,0.99996823,1,0.521265189421015
1,0.9999701,1,0.5094710507505361
1,0.9999996,1,0.8093280914939243
1,0.9999984,1,0.8482844889206577
1,0.9999984,1,0.5364546104360257
1,0.99999845,1,0.5400285918513223
1,0.9999913,1,0.6177626876340243
1,0.9999984,1,0.540385989992852
1,0.9999988,1,0.5623659756969264
1,0.9999986,1,0.5541458184417442
1,0.99999976,1,0.8552537526804861
1,0.99999946,1,0.7476769120800572
1,0.9999996,1,0.748927805575411
1,0.99999857,1,0.5146533238027162
1,0.999999,1,0.5814867762687634
1,0.99999887,1,0.593638313080772
1,0.99999917,1,0.608470335954253
1,0.9999999,1,0.9047533952823446
1,0.9999985,1,0.5409220872051466
1,0.9999994,1,0.6992494639027877
1,0.99999833,1,0.527698355968549
1,0.999999,1,0.5848820586132952
1,0.9999996,1,0.7796640457469621
1,0.9999984,1,0.5175125089349535
1,1.0,1,0.9985704074338814
1,0.99999887,1,0.5795210864903503
1,0.9999994,1,0.6820943531093638
1,0.99999934,1,0.6350964974982131
1,0.9999994,1,0.6669049320943531
1,0.99999905,1,0.5773766976411723
1,0.9999995,1,0.6969263759828449
1,0.9999989,1,0.5763045032165832
1,0.9999999,1,0.8956397426733381
1,0.99999833,1,0.5396711937097927
1,0.9999992,1,0.6070407433881344
1,0.9999996,1,0.795746962115797
1,0.99999946,1,0.6919228020014296
1,0.99999994,1,0.9258398856325947
1,0.9999911,1,0.6090064331665476
1,0.9999984,1,0.5377055039313795
1,0.99997824,1,0.552180128663331
1,0.9999998,1,0.8834882058613295
1,0.9999999,1,0.8956397426733381
1,0.9999994,1,0.681915654038599
1,0.99999833,1,0.49642601858470337
1,0.9999984,1,0.5235882773409578
1,0.99999964,1,0.8171908506075768
1,0.99999887,1,0.5696926375982845
1,0.99999833,1,0.5387776983559686
1,0.99999845,1,0.5409220872051466
1,0.9999988,1,0.541458184417441
1,0.99999934,1,0.6115082201572551
1,0.9999995,1,0.6593995711222301
1,0.9999984,1,0.5389563974267334
1,0.9999993,1,0.6374195854181558
1,0.99999994,1,0.9328091493924232
1,0.99999994,1,0.93084345961401
1,0.9999992,1,0.6211579699785561
1,0.99999833,1,0.5355611150822016
1,0.99999857,1,0.5462830593280915
1,0.99999934,1,0.6651179413867048
1,0.9999992,1,0.6191922802001429
1,0.9999996,1,0.8145103645461044
1,0.99999934,1,0.6134739099356683
1,0.9999995,1,0.7689421015010722
1,0.9999997,1,0.838277340957827
1,0.9999996,1,0.7802001429592567
1,0.9999998,1,0.8838456040028592
1,0.99999946,1,0.7662616154395997
1,0.9999989,1,0.57987848463188
1,0.9999996,1,0.7789492494639028
1,0.9999994,1,0.7026447462473195
1,0.9999991,1,0.5888134381701216
1,0.99999976,1,0.8631165117941386
1,0.9999994,1,0.6972837741243746
1,0.99999946,1,0.7546461758398856
1,0.99999905,1,0.6004288777698356
1,0.99999994,1,0.9476411722659042
1,0.99999917,1,0.6004288777698356
1,0.9999999,1,0.8929592566118656
1,0.99999887,1,0.5634381701215153
1,0.99999976,1,0.8695496783416726
1,0.9999984,1,0.5262687634024303
1,0.99999857,1,0.5409220872051466
1,0.9999983,1,0.5210864903502502
1,0.99999994,1,0.9544317369549679
1,0.9999984,1,0.5025017869907077
1,0.9999994,1,0.666011436740529
1,0.99999887,1,0.5729092208720514
1,0.9999994,1,0.6572551822730521
1,0.9999983,1,0.5452108649035025
1,0.99999845,1,0.5028591851322373
1,0.99999976,1,0.8695496783416726
1,0.99999934,1,0.6799499642601858
1,0.99999875,1,0.5577197998570408
1,0.99999946,1,0.68084345961401
1,0.99999833,1,0.5353824160114368
1,0.99999994,1,0.9233380986418871
1,0.99999934,1,0.6229449606862044
1,0.99999845,1,0.5405646890636169
1,0.999999,1,0.5855968548963545
1,0.9999993,1,0.629735525375268
1,0.99999905,1,0.5834524660471766
1,0.99999917,1,0.6177626876340243
1,0.99999833,1,0.5484274481772695
1,0.999999,1,0.5800571837026447
1,0.99999887,1,0.5832737669764118
1,0.999999,1,0.5586132952108649
1,0.99999976,1,0.8495353824160115
1,0.9999985,1,0.5094710507505361
1,0.9999988,1,0.572373123659757
1,0.9999907,1,0.6136526090064331
1,0.9999996,1,0.8109363831308077
1,0.99999994,1,0.9451393852751966
1,0.99999994,1,0.9304860614724804
1,0.9999985,1,0.49428162973552536
1,0.99999976,1,0.8629378127233739
1,0.99999887,1,0.5832737669764118
1,0.9999996,1,0.7853824160114368
1,0.99999994,1,0.9254824874910651
1,0.9999997,1,0.8327376697641172
1,0.9999984,1,0.5475339528234453
1,0.99999994,1,0.9453180843459614
1,1.0,1,0.9923159399571122
1,0.999999,1,0.5566476054324517
1,0.999871,1,0.5294853466761973
1,0.9999988,1,0.5402072909220872
1,0.99999875,1,0.5268048606147248
1,0.99999976,1,0.807541100786276
1,0.99999917,1,0.5764832022873481
1,0.9999999,1,0.8699070764832023
1,0.9999998,1,0.8454253037884203
1,0.9999997,1,0.8146890636168692
1,0.99999875,1,0.5262687634024303
1,0.9999988,1,0.5570050035739814
1,0.9999998,1,0.8731236597569693
1,0.99999887,1,0.5385989992852037
1,0.99999887,1,0.5160829163688349
1,0.99999964,1,0.6806647605432452
1,0.9999987,1,0.5287705503931379
1,0.99999094,1,0.748927805575411
1,0.99999946,1,0.6517155110793423
1,0.9999997,1,0.8146890636168692
1,0.9999993,1,0.5827376697641172
1,1.0,1,0.9805218012866334
1,0.9999987,1,0.5268048606147248
1,0.99999964,1,0.7035382416011436
1,1.0,1,0.963902787705504
1,0.9999992,1,0.5784488920657612
1,0.9999998,1,0.8691922802001429
1,0.99999905,1,0.5625446747676912
1,0.9999994,1,0.5993566833452466
1,0.9999991,1,0.5696926375982845
1,0.9999989,1,0.5076840600428878
1,0.99999595,1,0.891529664045747
1,0.999999,1,0.5662973552537527
1,0.99999934,1,0.5768406004288777
1,0.9999178,1,0.5528949249463903
1,0.9999988,1,0.5198355968548963
1,1.0,1,0.940314510364546
1,0.9999994,1,0.6034667619728378
1,1.0,1,0.977662616154396
1,0.99999964,1,0.7859185132237312
1,0.9999987,1,0.5294853466761973
1,0.9999996,1,0.6454610436025733
1,0.9999987,1,0.5294853466761973
1,0.99999946,1,0.612759113652609
1,0.99999887,1,0.49428162973552536
1,0.9999986,1,0.5194781987133666
1,0.9999989,1,0.5377055039313795
1,0.99999905,1,0.5082201572551823
1,0.99999976,1,0.8484631879914224
1,0.9999996,1,0.7058613295210865
1,0.9999987,1,0.49571122230164405
1,0.99999994,1,0.9049320943531094
1,0.99999887,1,0.5078627591136526
1,0.9999995,1,0.6358112937812723
1,0.99999917,1,0.5738027162258756
1,0.99999875,1,0.5060757684060043
1,0.9999989,1,0.5092923516797713
1,0.99999994,1,0.9136883488205861
1,0.9999999,1,0.895818441744103
1,0.99999905,1,0.5541458184417442
1,0.9999994,1,0.5986418870621872
1,0.9999997,1,0.770192994996426
1,0.9999989,1,0.5409220872051466
1,0.9999999,1,0.8968906361686919
1,0.99998355,1,0.6531451036454611
1,0.99999994,1,0.9049320943531094
1,0.9999999,1,0.8874195854181558
1,0.9999935,1,0.6091851322373124
1,0.999999,1,0.5251965689778413
1,0.9999991,1,0.5704074338813439
1,0.99999976,1,0.8307719799857041
1,0.9999996,1,0.6801286633309507
1,0.99999994,1,0.9263759828448892
1,0.99999976,1,0.8363116511794139
1,0.9999997,1,0.8059328091493925
1,0.99999875,1,0.5026804860614725
1,0.9999999,1,0.8922444603288063
1,0.99999875,1,0.5275196568977841
1,1.0,1,0.9658684774839171
1,0.9999993,1,0.6152609006433166
1,0.9999986,1,0.524481772694782
1,0.9999989,1,0.5017869907076483
1,0.9999996,1,0.6704789135096497
1,0.9999991,1,0.5696926375982845
1,1.0,1,0.9892780557541101
1,0.99999994,1,0.9035025017869907
1,0.99999887,1,0.5518227305218013
1,0.9999994,1,0.5993566833452466
1,0.9999996,1,0.7046104360257327
1,0.9999987,1,0.52662616154396
1,0.99999887,1,0.5609363831308077
1,0.9999987,1,0.5305575411007862
1,0.9999989,1,0.5058970693352395
1,0.99999994,1,0.9113652609006433
1,0.99999994,1,0.9696211579699786
1,0.99999857,1,0.5371694067190851
1,0.9999994,1,0.6191922802001429
1,0.9999996,1,0.6931736954967834
1,0.9999988,1,0.536097212294496
1,0.9999989,1,0.5443173695496784
1,0.99999976,1,0.8598999285203717
1,0.9999994,1,0.6047176554681916
1,0.99999875,1,0.5160829163688349
1,0.9999998,1,0.868120085775554
1,0.99999994,1,0.9233380986418871
1,0.9999996,1,0.6753037884203003
1,0.9999992,1,0.5909578270192996
1,0.99999964,1,0.6992494639027877
1,0.99999934,1,0.5847033595425304
1,0.99999994,1,0.9331665475339528
1,0.99999964,1,0.6581486776268763
1,0.99999887,1,0.5518227305218013
1,1.0,1,0.9742673338098642
1,0.9999988,1,0.5092923516797713
1,0.99999976,1,0.8130807719799857
1,0.99999994,1,0.9088634739099357
1,0.9999996,1,0.6997855611150822
1,0.9999993,1,0.591493924231594
1,0.99999887,1,0.5125089349535382
1,1.0,1,0.9587205146533238
1,0.9999998,1,0.9599714081486777
1,0.99999946,1,0.6259828448892065
1,0.99999905,1,0.5427090779127949
1,0.9999998,1,0.8420300214438885
1,0.99999875,1,0.5355611150822016
1,0.99999934,1,0.5832737669764118
1,0.9999993,1,0.5827376697641172
1,1.0,1,0.9628305932809149
1,0.99999994,1,0.943709792709078
1,0.9999995,1,0.6792351679771265
1,0.9999989,1,0.5512866333095068
1,0.9999989,1,0.5007147962830594
1,0.99999976,1,0.8470335954253038
1,0.9999987,1,0.5123302358827734
1,0.999999,1,0.5411007862759114
1,0.9999988,1,0.521265189421015
1,0.9999987,1,0.5452108649035025
1,1.0,1,0.9753395282344531
1,0.99999934,1,0.593638313080772
1,0.9999993,1,0.5741601143674053
1,0.9999997,1,0.8338098641887062
1,0.9999994,1,0.6073981415296641
1,0.9999995,1,0.6583273766976412
1,0.99999875,1,0.52662616154396
1,0.99999875,1,0.5173338098641888
1,0.9999993,1,0.571300929235168
1,0.99999964,1,0.7853824160114368
1,0.9999995,1,0.6719085060757684
1,0.9999998,1,0.8715153681200858
1,0.99999976,1,0.81915654038599
1,0.9999993,1,0.6059685489635454
1,0.99999964,1,0.7619728377412437
1,0.999999,1,0.502144388849178
1,0.9999995,1,0.5938170121515368
1,0.9999989,1,0.5419942816297355
1,0.9999991,1,0.5698713366690493
1,0.9999997,1,0.8352394567548249
1,0.99999905,1,0.5016082916368835
1,0.9999998,1,0.8656182987848463
1,0.99999976,1,0.8325589706933524
1,0.9999997,1,0.7896711937097927
1,0.99999976,1,0.8320228734810579
1,0.99999976,1,0.8264832022873481
1,1.0,1,0.9805218012866334
1,1.0,1,0.9889206576125804
1,0.9999998,1,0.8811651179413867
1,0.9999993,1,0.5727305218012866
1,0.99999964,1,0.748927805575411
1,0.99999875,1,0.5275196568977841
1,0.9999993,1,0.5859542530378842
1,0.9999988,1,0.5226947819871337
1,0.9999995,1,0.6538598999285203
1,0.9999991,1,0.5550393137955683
1,0.99999934,1,0.6379556826304503
1,0.9999998,1,0.8622230164403145
1,0.9999987,1,0.543602573266619
1,0.99999964,1,0.7877055039313795
1,0.99999887,1,0.5076840600428878
1,0.9999998,1,0.8622230164403145
1,0.99999946,1,0.6329521086490351
1,0.9999987,1,0.5092923516797713
1,1.0,1,0.9719442458899213
1,0.99999994,1,0.9263759828448892
1,0.99999946,1,0.6495711222301644
1,0.99999917,1,0.5741601143674053
1,0.99999887,1,0.5078627591136526
1,1.0,1,0.9547891350964975
1,0.9999989,1,0.4930307362401716
1,0.99999857,1,0.5339528234453181
1,0.9999994,1,0.5888134381701216
1,1.0,1,0.9572909220872051
1,0.9999995,1,0.6704789135096497
1,0.9999996,1,0.6756611865618298
1,0.99999964,1,0.775553967119371
1,0.9999993,1,0.5845246604717655
1,0.9999998,1,0.8489992852037169
1,1.0,1,0.9864188706218727
1,0.9999999,1,0.8711579699785561
1,0.99999964,1,0.800035739814153
1,0.99999136,1,0.7721586847748392
1,0.9999999,1,0.8913509649749821
1,0.99999964,1,0.7694781987133666
1,0.9999997,1,0.9179771265189421
1,0.9999996,1,0.6792351679771265
1,0.99999934,1,0.6034667619728378
1,0.9999999,1,0.8850964974982131
1,0.99999934,1,0.6004288777698356
1,1.0,1,0.9597927090779128
1,0.99999994,1,0.9035025017869907
1,0.99999964,1,0.7667977126518942
1,0.99999905,1,0.5008934953538242
1,0.9999998,1,0.8570407433881344
1,0.99999887,1,0.5409220872051466
1,0.9999997,1,0.810578984989278
1,0.99999994,1,0.9242315939957112
1,0.999999,1,0.509649749821301
1,0.999999,1,0.5017869907076483
1,0.99999803,1,0.497855611150822
1,0.9999993,1,0.5845246604717655
1,0.9999996,1,0.6758398856325947
1,0.99999964,1,0.7662616154395997
1,0.9999975,1,0.8666904932094354
1,0.999999,1,0.49392423159399573
1,0.9999986,1,0.527698355968549
1,0.9999997,1,0.8025375268048606
1,0.99999964,1,0.8070050035739814
1,0.99999964,1,0.7046104360257327
1,0.9998794,1,0.5443173695496784
1,0.99999887,1,0.521265189421015
1,0.9999994,1,0.6004288777698356
1,0.9999997,1,0.8189778413152251
1,0.9999997,1,0.7875268048606148
1,0.9999885,1,0.751072194424589
1,0.99999905,1,0.5666547533952824
1,1.0,1,0.974446032880629
1,0.9999989,1,0.5763045032165832
1,0.999999,1,0.5625446747676912
1,1.0,1,0.972301644031451
1,0.9999995,1,0.6484989278055754
1,0.9999989,1,0.5494996426018585
1,0.99999964,1,0.7324874910650465
1,0.9999989,1,0.5704074338813439
1,0.99996954,1,0.6102573266619014
1,0.9999988,1,0.5260900643316655
1,0.9999988,1,0.4973195139385275
1,0.99999887,1,0.5552180128663331
1,0.9999988,1,0.5300214438884918
1,0.99999946,1,0.6047176554681916
1,0.9999989,1,0.5564689063616869
1,0.99999964,1,0.75
1,0.9999989,1,0.5557541100786276
1,0.99999964,1,0.7725160829163689
1,0.99999917,1,0.5843459614010007
1,0.9999991,1,0.5657612580414582
1,0.99999946,1,0.6107934238741959
1,0.99999887,1,0.5327019299499642
1,0.9999987,1,0.5257326661901358
1,0.99999887,1,0.5076840600428878
1,0.99999976,1,0.8211222301644031
1,0.99999857,1,0.52662616154396
1,0.99999964,1,0.748927805575411
1,0.99999887,1,0.5046461758398856
1,0.99999964,1,0.6971050750536097
1,0.9999996,1,0.7592923516797713
1,0.99999887,1,0.4996426018584703
1,0.9999999,1,0.8911722659042173
1,0.999999,1,0.5112580414581844
1,0.9999995,1,0.6588634739099357
1,0.99999976,1,0.82987848463188
1,0.9999998,1,0.8697283774124375
1,0.99999887,1,0.5389563974267334
1,0.9999995,1,0.6484989278055754
1,0.9999986,1,0.5452108649035025
1,0.9999997,1,0.8189778413152251
1,0.99999994,1,0.9387062187276626
1,0.9999997,1,0.8182630450321658
1,0.99999994,1,0.9088634739099357
1,0.9999997,1,0.8164760543245175
1,0.9999897,1,0.7583988563259471
1,0.9999997,1,0.8221944245889922
1,0.9999999,1,0.8888491779842744
1,0.9999998,1,0.856325947105075
1,0.9999997,1,0.7875268048606148
1,0.99999946,1,0.6274124374553253
1,0.99999976,1,0.8364903502501787
1,0.9999998,1,0.8786633309506791
1,0.99992007,1,0.5553967119370979
1,0.99999946,1,0.6107934238741959
1,0.9999998,1,0.8677626876340243
1,0.9999997,1,0.8143316654753395
1,0.9999979,1,0.81915654038599
1,0.9999988,1,0.49803431022158684
1,0.99999887,1,0.5082201572551823
1,0.9999996,1,0.7185489635453896
1,0.9999988,1,0.5092923516797713
1,1.0,1,0.9801644031451037
1,0.9999991,1,0.5698713366690493
1,0.99999976,1,0.9524660471765547
1,0.9999986,1,0.5400285918513223
1,0.9999987,1,0.5225160829163689
1,0.9999997,1,0.8077197998570408
1,0.99999964,1,0.6967476769120801
1,0.99999976,1,0.807541100786276
1,0.9999995,1,0.639385275196569
1,0.99999887,1,0.540385989992852
1,0.9999996,1,0.6971050750536097
1,0.9999999,1,0.9040385989992852
1,0.99999994,1,0.9170836311651179
1,0.99999964,1,0.7789492494639028
1,0.9999988,1,0.5062544674767692
1,0.99999887,1,0.5400285918513223
1,0.9999999,1,0.8931379556826304
1,0.99999976,1,0.8209435310936383
1,0.9999988,1,0.5318084345961401
1,0.99999934,1,0.6059685489635454
1,0.99999946,1,0.6724446032880629
1,0.99999964,1,0.7730521801286633
1,0.99999976,1,0.8459614010007148
1,0.99999976,1,0.856325947105075
1,0.99999934,1,0.6086490350250179
1,1.0,1,0.9696211579699786
1,0.9999994,1,0.6191922802001429
1,0.99999875,1,0.49642601858470337
1,0.9999994,1,0.5913152251608291
1,0.99999976,1,0.8363116511794139
1,0.9999997,1,0.8168334524660472
1,0.99999905,1,0.5643316654753395
1,1.0,1,0.9792709077912795
1,0.99999857,1,0.5173338098641888
1,0.99999887,1,0.5452108649035025
1,0.9999997,1,0.7828806290207291
1,0.9999987,1,0.5357398141529665
1,1.0,1,0.9949964260185847
1,0.99999917,1,0.5643316654753395
1,0.999999,1,0.5318084345961401
1,0.99999994,1,0.9324517512508935
1,0.9999995,1,0.6484989278055754
1,0.99998647,1,0.5843459614010007
1,0.99999887,1,0.5080414581844175
1,0.9999991,1,0.5502144388849178
1,0.9999988,1,0.5309149392423159
1,0.9999995,1,0.6229449606862044
1,0.99999964,1,0.7939599714081487
1,0.9999995,1,0.6913867047891351
1,0.99999946,1,0.6073981415296641
1,0.99999994,1,0.910650464617584
1,0.9999998,1,0.8799142244460328
1,0.9999993,1,0.5827376697641172
1,0.99999875,1,0.5257326661901358
1,0.9999988,1,0.5087562544674767
1,1.0,1,0.9892780557541101
1,0.9999997,1,0.8314867762687634
1,0.9999991,1,0.571300929235168
1,0.99999964,1,0.825589706933524
1,0.99999994,1,0.924410293066476
1,0.9999995,1,0.6172265904217298
1,0.99999905,1,0.5693352394567548
1,0.99999934,1,0.5884560400285919
1,0.99999994,1,0.9070764832022874
1,0.9999991,1,0.5448534667619729
1,0.9999167,1,0.5557541100786276
1,0.99999964,1,0.7364188706218727
1,0.99999976,1,0.8531093638313081
1,0.9999993,1,0.5779127948534668
1,0.99999946,1,0.612759113652609
1,0.99999875,1,0.5171551107934239
1,1.0,1,0.9899928520371694
1,0.9999998,1,0.8674052894924946
1,0.9999989,1,0.5487848463187991
1,0.9999991,1,0.5773766976411723
1,0.9999997,1,0.8020014295925662
1,0.9999897,1,0.7006790564689064
1,0.9999995,1,0.6484989278055754
1,0.99999946,1,0.6329521086490351
1,0.9999996,1,0.6976411722659042
1,0.99998784,1,0.7310578984989278
1,0.9999998,1,0.8781272337383845
1,0.9999989,1,0.557541100786276
1,0.9999992,1,0.5580771979985704
1,0.99999976,1,0.8380986418870622
1,0.99999887,1,0.5541458184417442
1,0.99999845,1,0.8380986418870622
1,1.0,1,0.9785561115082202
1,0.9999997,1,0.81915654038599
1,0.9999997,1,0.8025375268048606
1,0.999981,1,0.6438527519656898
1,1.0,1,0.9549678341672623
1,0.9999988,1,0.49749821300929237
1,0.9999997,1,0.812723373838456
1,0.9999995,1,0.6358112937812723
1,0.99999946,1,0.6077555396711937
1,0.99999934,1,0.5832737669764118
1,0.9999992,1,0.5889921372408864
1,0.99999875,1,0.5153681200857756
1,0.9999997,1,0.8193352394567548
1,0.9999996,1,0.6704789135096497
1,0.99999976,1,0.8423874195854182
1,0.9999996,1,0.6931736954967834
1,0.99999887,1,0.48802716225875625
1,0.9999996,1,0.738205861329521
1,0.99999976,1,0.8263045032165832
1,0.9999995,1,0.6481415296640457
1,0.99999917,1,0.5834524660471766
1,0.9999995,1,0.6602930664760543
1,0.9999996,1,0.7589349535382416
1,0.99999946,1,0.6073981415296641
1,0.9999995,1,0.6229449606862044
1,0.9999992,1,0.572373123659757
1,0.99999887,1,0.5033952823445318
1,0.99999887,1,0.5219799857040743
1,0.9999998,1,0.856325947105075
1,0.9999991,1,0.5595067905646891
1,0.999999,1,0.5112580414581844
1,0.9999994,1,0.6208005718370264
1,1.0,1,0.9857040743388135
1,0.9999994,1,0.5993566833452466
1,0.9999987,1,0.5044674767691208
1,0.9999989,1,0.5039313795568263
1,0.99999976,1,0.8250536097212294
1,0.99999875,1,0.5116154395997141
1,0.9999931,1,0.8032523230879199
1,0.99999976,1,0.8380986418870622
1,0.9999997,1,0.7803788420300214
1,0.99999917,1,0.573445318084346
1,0.99999934,1,0.6025732666190136
1,0.9999989,1,0.5232308791994281
1,1.0,1,0.9724803431022159
1,1.0,1,0.9549678341672623
1,0.9999997,1,0.7626876340243031
1,1.0,1,0.9756969263759828
1,0.99999905,1,0.57987848463188
1,0.9999998,1,0.8747319513938527
1,0.9999982,1,0.5003573981415297
1,0.9999993,1,0.6150822015725518
1,0.99999946,1,0.6186561829878484
1,0.99999875,1,0.5491422444603288
1,0.9999999,1,0.8961758398856325
1,0.9999989,1,0.5251965689778413
1,0.99999964,1,0.7560757684060043
1,0.9999987,1,0.523409578270193
1,1.0,1,0.9728377412437456
1,0.9999996,1,0.7046104360257327
1,0.9999827,1,0.6429592566118656
1,0.99999887,1,0.5191208005718371
1,0.9999988,1,0.5448534667619729
1,0.999999,1,0.5582558970693352
1,0.9999988,1,0.5178699070764832
1,0.9999987,1,0.5073266619013581
1,0.99999946,1,0.6331308077197999
1,0.9999995,1,0.6034667619728378
1,0.9999999,1,0.9011794138670479
1,0.9999986,1,0.5375268048606148
1,0.99999976,1,0.8518584703359543
1,0.9999992,1,0.5729092208720514
1,0.999999,1,0.5645103645461044
1,0.99999964,1,0.692458899213724
1,1.0,1,0.9805218012866334
1,0.9999986,1,0.5318084345961401
1,0.99999964,1,0.8134381701215153
1,0.9999995,1,0.6720872051465332
1,0.99999994,1,0.934060042887777
1,1.0,1,0.9483559685489635
1,0.9999989,1,0.5178699070764832
1,0.9999992,1,0.5809506790564689
1,0.9999997,1,0.8186204431736955
1,0.99999887,1,0.5080414581844175
1,1.0,1,0.9419228020014296
1,0.99999946,1,0.6259828448892065
1,0.9999988,1,0.5353824160114368
1,1.0,1,0.9658684774839171
1,0.9999981,1,0.82987848463188
1,0.999999,1,0.5
1,0.9999994,1,0.6065046461758399
1,0.9999994,1,0.6102573266619014
1,0.9999987,1,0.52662616154396
1,0.9999998,1,0.8713366690493209
1,0.99999964,1,0.831844174410293
1,0.9999993,1,0.5834524660471766
1,0.9999994,1,0.590421729807005
1,0.99999994,1,0.9406719085060757
1,0.99999964,1,0.7796640457469621
1,0.9999989,1,0.4930307362401716
1,0.99999964,1,0.7769835596854896
1,0.9999986,1,0.5198355968548963
1,0.9999995,1,0.6149035025017869
1,0.99999964,1,0.6518942101501072
1,0.9999992,1,0.5795210864903503
1,0.99999917,1,0.5700500357398142
1,0.99999875,1,0.5196568977841315
1,1.0,1,0.9857040743388135
1,0.99999917,1,0.5746962115796997
1,0.9999996,1,0.6627948534667619
1,1.0,1,0.9619370979270908
1,0.9999998,1,0.8799142244460328
1,0.9999996,1,0.7360614724803431
1,0.99999976,1,0.8482844889206577
1,0.9999994,1,0.6134739099356683
1,0.999999,1,0.5493209435310936
1,0.99999976,1,0.807541100786276
1,0.9999987,1,0.5294853466761973
1,0.99999917,1,0.5813080771979986
1,0.9999988,1,0.5048248749106504
1,0.9999787,1,0.5337741243745533
1,0.99999964,1,0.7610793423874196
1,0.9999996,1,0.7444603288062902
1,0.9999995,1,0.7398141529664046
1,0.9999994,1,0.6018584703359543
1,0.9999998,1,0.856325947105075
1,0.99998164,1,0.639385275196569
1,0.9999994,1,0.6295568263045033
1,0.99999964,1,0.6524303073624017
1,0.99999946,1,0.6644031451036455
1,0.9999993,1,0.590421729807005
1,0.99999964,1,0.6942458899213724
1,0.9999851,1,0.5528949249463903
1,0.9999995,1,0.658506075768406
1,0.9999988,1,0.52662616154396
1,0.9999995,1,0.6790564689063617
1,0.9999987,1,0.5268048606147248
1,0.99999994,1,0.9172623302358828
1,0.9999999,1,0.8931379556826304
1,1.0,1,0.9374553252323088
1,0.9999992,1,0.5843459614010007
1,0.9999993,1,0.5886347390993567
1,0.9999997,1,0.8173695496783416
1,0.99999994,1,0.9231593995711223
1,1.0,1,0.9794496068620443
1,0.9999987,1,0.518048606147248
1,0.9999997,1,0.821300929235168
1,0.99999964,1,0.6992494639027877
1,1.0,1,0.9964260185847034
1,1.0,1,0.9551465332380271
1,0.99999905,1,0.5452108649035025
1,0.99999964,1,0.738205861329521
1,0.99999946,1,0.6259828448892065
1,0.9999989,1,0.5564689063616869
1,0.99999964,1,0.7430307362401716
1,0.9999993,1,0.5836311651179414
1,0.9999998,1,0.8640100071479628
1,0.99999946,1,0.6107934238741959
1,1.0,1,0.9551465332380271
1,0.99999964,1,0.775553967119371
1,0.9999995,1,0.6290207290922087
1,0.99999964,1,0.7432094353109364
1,0.9999996,1,0.625625446747677
1,0.9999997,1,0.8187991422444604
1,0.9999996,1,0.75
1,1.0,1,0.9781987133666905
1,0.999999,1,0.5384203002144389
1,0.99999934,1,0.5879199428162973
1,0.99997663,1,0.609542530378842
1,0.999999,1,0.5700500357398142
1,0.99999964,1,0.7667977126518942
1,0.9999997,1,0.8261258041458185
1,0.99999964,1,0.7803788420300214
1,0.99999964,1,0.6794138670478913
1,0.9999989,1,0.4951751250893495
1,0.9999996,1,0.7307005003573981
1,0.9999708,1,0.6004288777698356
1,0.9999995,1,0.6107934238741959
1,0.9999997,1,0.7474982130092923
1,1.0,1,0.9842744817726948
1,1.0,1,0.9823087919942817
1,0.99999905,1,0.5657612580414582
1,0.9999987,1,0.5253752680486061
1,0.9999996,1,0.7015725518227305
1,0.99999887,1,0.5455682630450321
1,0.99999976,1,0.8375625446747677
1,0.99999094,1,0.7612580414581844
1,0.99999934,1,0.590421729807005
1,0.9999989,1,0.5473552537526805
1,0.9999995,1,0.6742315939957112
1,0.99998736,1,0.6971050750536097
1,0.99999976,1,0.8370264474624732
1,0.9999989,1,0.5530736240171551
1,0.9999989,1,0.509649749821301
1,0.9999996,1,0.6756611865618298
1,0.9999997,1,0.8168334524660472
1,0.999999,1,0.4951751250893495
1,0.9999995,1,0.6213366690493209
1,0.99999976,1,0.8327376697641172
1,0.99999905,1,0.5058970693352395
1,0.9999998,1,0.8656182987848463
1,0.99999887,1,0.5482487491065047
1,0.9999929,1,0.7866333095067906
1,0.99999887,1,0.5116154395997141
1,1.0,1,0.9778413152251608
1,0.99999964,1,0.7449964260185847
1,1.0,1,0.9637240886347391
1,0.99999875,1,0.5475339528234453
1,0.9999995,1,0.6551107934238742
1,0.9999998,1,0.8504288777698356
1,0.9999997,1,0.8182630450321658
1,0.9999995,1,0.6670836311651179
1,0.99999976,1,0.8370264474624732
1,0.999999,1,0.49249463902787705
1,0.99999887,1,0.48909935668334525
1,0.99999964,1,0.6433166547533953
1,1.0,1,0.9708720514653324
1,0.9999994,1,0.6007862759113652
1,0.9999996,1,0.6710150107219442
1,1.0,1,0.9724803431022159
1,0.99999976,1,0.8498927805575411
1,1.0,1,0.9944603288062902
1,0.99999875,1,0.504288777698356
1,0.99999934,1,0.6109721229449607
1,0.99999917,1,0.5652251608291637
1,0.99999875,1,0.5355611150822016
1,0.9999999,1,0.902072909220872
1,0.99999976,1,0.836132952108649
1,0.99999875,1,0.5225160829163689
1,0.9999991,1,0.5700500357398142
1,0.9999988,1,0.5151894210150108
1,0.9999987,1,0.5307362401715511
1,0.9999989,1,0.5580771979985704
1,0.99999875,1,0.52662616154396
1,0.99999934,1,0.6107934238741959
1,0.99999887,1,0.498927805575411
1,0.99999887,1,0.49428162973552536
1,0.9999991,1,0.5746962115796997
1,0.99999964,1,0.7667977126518942
1,0.99999964,1,0.7955682630450321
1,0.99999934,1,0.5832737669764118
1,0.999999,1,0.49124374553252326
1,0.99999964,1,0.7961043602573267
1,0.9999996,1,0.6974624731951394
1,0.99999994,1,0.913867047891351
1,0.99999964,1,0.7037169406719085
1,0.999999,1,0.529842744817727
1,0.9999998,1,0.8652609006433166
1,0.9999988,1,0.5178699070764832
1,0.9999993,1,0.6093638313080773
1,1.0,1,0.9587205146533238
1,0.9999996,1,0.7010364546104361
1,0.999999,1,0.5607576840600429
1,0.9999988,1,0.5218012866333095
1,0.9999986,1,0.5353824160114368
1,0.9999995,1,0.6556468906361687
1,0.999999,1,0.5582558970693352
1,1.0,1,0.9815939957112223
1,0.99999905,1,0.5076840600428878
1,1.0,1,0.9696211579699786
1,0.9999993,1,0.590421729807005
1,0.9999998,1,0.8538241601143675
1,0.9999988,1,0.518048606147248
1,0.9999989,1,0.561651179413867
1,0.99999875,1,0.5496783416726233
1,0.9999988,1,0.5268048606147248
1,0.99999964,1,0.7476769120800572
1,0.99999976,1,0.843638313080772
1,0.99999976,1,0.8325589706933524
1,0.9999988,1,0.5123302358827734
1,0.99999887,1,0.5232308791994281
1,0.99999994,1,0.910650464617584
1,1.0,1,0.9885632594710507
1,0.9999999,1,0.9054681915654038
1,1.0,1,0.9551465332380271
1,0.9999993,1,0.5768406004288777
1,0.9999989,1,0.5409220872051466
1,0.99999875,1,0.538241601143674
1,0.99999917,1,0.5662973552537527
1,0.9999993,1,0.5796997855611151
1,0.9999987,1,0.5400285918513223
1,0.9999752,1,0.5178699070764832
1,0.99999964,1,0.7206933523945676
1,0.99999976,1,0.833988563259471
1,0.99999857,1,0.5323445318084346
1,0.99999946,1,0.6047176554681916
1,0.9999999,1,0.8845604002859185
1,0.9999998,1,0.8622230164403145
1,0.9999996,1,0.6946032880629021
1,0.99999994,1,0.9120800571837027
1,1.0,1,0.9805218012866334
1,0.99999917,1,0.5520014295925662
1,0.9999994,1,0.6281272337383845
1,0.9999996,1,0.7231951393852752
1,0.99999887,1,0.557541100786276
1,1.0,1,0.9651536812008578
1,0.99999917,1,0.5636168691922802
1,0.999999,1,0.5559328091493925
1,0.9999997,1,0.8209435310936383
1,0.9999996,1,0.6669049320943531
1,0.99999994,1,0.9035025017869907
1,0.9999993,1,0.9172623302358828
1,0.99999994,1,0.9235167977126519
1,0.999999,1,0.5444960686204432
1,0.99999917,1,0.5593280914939243
1,0.99999917,1,0.5623659756969264
1,0.9999995,1,0.6329521086490351
1,0.99999976,1,0.8552537526804861
1,0.9999991,1,0.5609363831308077
1,0.99999946,1,0.5981057898498928
1,0.9999988,1,0.5123302358827734
1,0.9999989,1,0.5300214438884918
1,1.0,1,0.9544317369549679
1,1.0,1,0.9689063616869192
1,0.9999995,1,0.6254467476769121
1,0.999999,1,0.502144388849178
1,0.9999989,1,0.5194781987133666
1,0.99999994,1,0.9369192280200143
1,0.9999994,1,0.591493924231594
1,0.9999991,1,0.5725518227305219
1,1.0,1,0.9778413152251608
1,0.9999994,1,0.6238384560400286
1,0.99999875,1,0.5226947819871337
1,0.9999988,1,0.5235882773409578
1,0.9999997,1,0.8150464617583989
1,0.9999995,1,0.6794138670478913
1,0.9999994,1,0.610614724803431
1,1.0,1,0.977662616154396
1,0.9999989,1,0.5430664760543246
1,0.9999995,1,0.6438527519656898
1,0.9999988,1,0.5553967119370979
1,0.99999875,1,0.5321658327376698
1,1.0,1,0.9905289492494639
1,0.9999988,1,0.5411007862759114
1,0.99999964,1,0.6842387419585418
1,0.9999998,1,0.8699070764832023
1,0.99999875,1,0.5409220872051466
1,0.99998254,1,0.659578270192995
1,0.9999996,1,0.7600071479628306
1,0.9999995,1,0.6115082201572551
1,0.9999758,1,0.5235882773409578
1,0.99999994,1,0.9070764832022874
1,0.999999,1,0.4949964260185847
1,0.99999976,1,0.8364903502501787
1,0.9999997,1,0.8259471050750536
1,0.99999976,1,0.8493566833452466
1,0.99999976,1,0.8300571837026447
1,0.9999987,1,0.5318084345961401
1,0.99999964,1,0.6931736954967834
1,0.9999996,1,0.7525017869907077
1,1.0,1,0.9626518942101501
1,0.9999998,1,0.8700857755539672
1,0.9999995,1,0.639385275196569
1,0.9999992,1,0.5714796283059328
1,0.99999946,1,0.6295568263045033
1,0.9999996,1,0.724446032880629
1,0.9999995,1,0.6636883488205861
1,0.999999,1,0.5539671193709793
1,0.9999988,1,0.5148320228734811
1,0.9999988,1,0.5321658327376698
1,0.9999989,1,0.5566476054324517
1,0.99999976,1,0.8380986418870622
1,0.9999993,1,0.5884560400285919
1,0.99999887,1,0.5419942816297355
1,0.99999887,1,0.5462830593280915
1,0.9999987,1,0.4976769120800572
1,0.99999875,1,0.49696211579699784
1,0.99999964,1,0.7407076483202287
1,1.0,1,0.9769478198713367
1,0.99999964,1,0.6749463902787706
1,0.99999905,1,0.5689778413152251
1,0.99999905,1,0.5595067905646891
1,0.9999996,1,0.9381701215153682
1,0.9999988,1,0.5194781987133666
1,1.0,1,0.9892780557541101
1,1.0,1,0.977662616154396
1,0.99999976,1,0.8575768406004288
1,0.99999946,1,0.6132952108649035
1,0.99999946,1,0.7019299499642602
1,0.99999964,1,0.7834167262330236
1,0.9999988,1,0.5241243745532523
1,0.9999996,1,0.744639027877055
1,0.9999992,1,0.5927448177269479
1,1.0,1,0.9796283059328091
1,0.99999905,1,0.5023230879199428
1,0.99999964,1,0.7228377412437456
1,0.9999981,1,0.5073266619013581
1,0.9999988,1,0.5191208005718371
1,0.99999887,1,0.5094710507505361
1,0.9999998,1,0.8695496783416726
1,0.046502825,0,0.8447105075053609
1,0.99999845,1,0.5248391708363116
1,0.9999985,1,0.49696211579699784
1,0.9999997,1,0.8334524660471766
1,0.99999964,1,0.7982487491065047
1,0.99999946,1,0.6690493209435311
1,0.9999998,1,0.881879914224446
1,0.99999934,1,0.5968548963545389
1,0.9999994,1,0.6347390993566834
1,0.9999997,1,0.9417441029306648
1,0.99999905,1,0.8899213724088635
1,0.99999785,1,0.8357755539671193
1,0.9999999,1,0.9655110793423874
1,0.99999547,1,0.674410293066476
1,0.9999929,1,0.5941744102930665
1,0.9999986,1,0.8618656182987848
1,0.9999982,1,0.8507862759113652
1,0.99999917,1,0.8986776268763402
1,0.99999803,1,0.8452466047176554
1,0.99999976,1,0.9549678341672623
1,0.99999976,1,0.952108649035025
1,0.9999999,1,0.9689063616869192
1,0.99999714,1,0.8257684060042888
1,0.99999607,1,0.7378484631879915
1,0.9999981,1,0.8498927805575411
1,0.99999976,1,0.9519299499642602
1,0.99999666,1,0.7834167262330236
1,0.9999989,1,0.8842030021443888
1,1.0,1,0.9805218012866334
1,0.99999976,1,0.9549678341672623
1,0.9999938,1,0.6327734095782702
1,0.9999996,1,0.9329878484631879
1,0.99999726,1,0.8061115082201572
1,0.9999975,1,0.8139742673338098
1,0.9999947,1,0.6513581129378128
1,0.9999985,1,0.8629378127233739
1,0.99999964,1,0.9401358112937813
1,0.9999992,1,0.9111865618298784
1,0.9999968,1,0.7751965689778413
1,0.9999998,1,0.955325232308792
1,0.9999998,1,0.9580057183702645
1,0.99999857,1,0.856325947105075
1,0.9999972,1,0.8254110078627591
1,0.99999976,1,0.9549678341672623
1,0.99999976,1,0.9492494639027877
1,0.9999995,1,0.9281629735525375
1,0.9999962,1,0.7585775553967119
1,0.99999756,1,0.8071837026447463
1,0.9999991,1,0.9056468906361687
1,0.999998,1,0.8384560400285919
1,0.99999946,1,0.9312008577555396
1,0.99999756,1,0.8248749106504646
1,0.999995,1,0.6708363116511794
1,0.9999988,1,0.8811651179413867
1,0.9999956,1,0.6969263759828449
1,0.999999,1,0.8913509649749821
1,0.9999996,1,0.9338813438170122
1,0.9999996,1,0.9317369549678342
1,0.9999978,1,0.8375625446747677
1,0.99999994,1,0.9756969263759828
1,0.9999965,1,0.7818084345961401
1,0.99999875,1,0.8799142244460328
1,0.9999887,1,0.5241243745532523
1,0.99999857,1,0.8786633309506791
1,0.9999929,1,0.5750536097212294
1,0.9999998,1,0.9660471765546819
1,0.99999774,1,0.8220157255182273
1,0.99999666,1,0.795746962115797
1,0.999999,1,0.8922444603288063
1,0.9999942,1,0.6279485346676197
1,0.99999875,1,0.8800929235167977
1,0.9999923,1,0.5696926375982845
1,0.9999976,1,0.8380986418870622
1,1.0,1,0.9821300929235168
1,0.99999815,1,0.8429235167977126
1,0.99999744,1,0.8179056468906362
1,0.99999815,1,0.9328091493924232
1,0.9999989,1,0.8874195854181558
1,0.99999297,1,0.5771979985704074
1,0.9999945,1,0.6636883488205861
1,0.9999978,1,0.8409578270192996
1,0.99999905,1,0.8952823445318084
1,0.99999326,1,0.6015010721944246
1,0.999995,1,0.6785203716940672
1,0.99999857,1,0.8693709792709078
1,0.9999977,1,0.8314867762687634
1,0.9999921,1,0.5714796283059328
1,0.9999998,1,0.9635453895639743
1,0.9999999,1,0.9689063616869192
1,0.99999726,1,0.8177269478198713
1,0.99999946,1,0.9229807005003574
1,0.9999931,1,0.6065046461758399
1,0.99999905,1,0.8899213724088635
1,0.99999565,1,0.666011436740529
1,0.99999636,1,0.748927805575411
1,0.9999994,1,0.9147605432451751
1,1.0,1,0.9805218012866334
1,0.99998873,1,0.521265189421015
1,0.9999983,1,0.8472122944960686
1,0.9999992,1,0.9035025017869907
1,0.9999987,1,0.8747319513938527
1,0.99999964,1,0.9358470335954253
1,0.99999404,1,0.600071479628306
1,0.9999998,1,0.961758398856326
1,0.999998,1,0.8386347390993567
1,0.99999946,1,0.9231593995711223
1,0.9999999,1,0.9681915654038599
1,0.99999684,1,0.806290207290922
1,0.9999975,1,0.8086132952108649
1,0.99998873,1,0.8431022158684774
1,0.9999973,1,0.8154038598999285
1,0.99999887,1,0.8800929235167977
1,0.9999986,1,0.8945675482487491
1,0.99999124,1,0.5682630450321658
1,0.9999967,1,0.7650107219442459
1,0.9999968,1,0.7212294496068621
1,0.9999983,1,0.8482844889206577
1,0.9999982,1,0.8522158684774839
1,0.9999968,1,0.7528591851322373
1,0.9999934,1,0.6073981415296641
1,0.9999938,1,0.6193709792709078
1,0.9999986,1,0.8647248034310222
1,0.99999714,1,0.800035739814153
1,0.9999966,1,0.7526804860614725
1,0.9999953,1,0.6719085060757684
1,0.99999803,1,0.8491779842744818
1,0.9999965,1,0.7240886347390993
1,0.9999998,1,0.9637240886347391
1,0.9999958,1,0.659578270192995
1,0.99999756,1,0.8130807719799857
1,0.9999987,1,0.8811651179413867
1,0.99999034,1,0.5323445318084346
1,0.999995,1,0.6188348820586133
1,0.99999315,1,0.6115082201572551
1,0.9999982,1,0.8391708363116511
1,0.9999969,1,0.7769835596854896
1,0.99999446,1,0.6352751965689778
1,0.9999971,1,0.8032523230879199
1,0.99999946,1,0.9177984274481773
1,0.9999986,1,0.8738384560400286
1,0.9999972,1,0.8154038598999285
1,0.99999887,1,0.8827734095782702
1,0.9999997,1,0.9370979270907791
1,0.99999964,1,0.937276626161544
1,0.99999756,1,0.800035739814153
1,0.9999994,1,0.9231593995711223
1,0.9999936,1,0.6016797712651895
1,0.999998,1,0.8363116511794139
1,0.9999984,1,0.8641887062187277
1,0.9999935,1,0.6048963545389564
1,0.9999956,1,0.6690493209435311
1,0.999998,1,0.8355968548963545
1,0.9999969,1,0.773409578270193
1,0.99999803,1,0.8447105075053609
1,0.9999919,1,0.5643316654753395
1,0.9999989,1,0.88831308077198
1,0.9999996,1,0.9304860614724804
1,0.99999475,1,0.6515368120085776
1,0.9999993,1,0.9152966404574696
1,0.99999875,1,0.8786633309506791
1,0.9999946,1,0.6654753395282345
1,0.9999985,1,0.8666904932094354
1,0.99999404,1,0.6847748391708363
1,0.9999977,1,0.8130807719799857
1,0.9999973,1,0.8182630450321658
1,0.99999917,1,0.9070764832022874
1,0.9999958,1,0.6976411722659042
1,0.99999887,1,0.8781272337383845
1,0.9999976,1,0.8066476054324517
1,0.9999996,1,0.9312008577555396
1,0.9999961,1,0.7616154395997141
1,0.99999917,1,0.8922444603288063
1,0.99999994,1,0.970157255182273
1,0.9999968,1,0.7827019299499642
1,0.9999984,1,0.8624017155110794
1,0.9999986,1,0.8738384560400286
1,0.9999996,1,0.9324517512508935
1,0.99999183,1,0.5629020729092209
1,0.9999927,1,0.5825589706933524
1,0.9999991,1,0.8947462473195139
1,0.99999636,1,0.745711222301644
1,0.9999976,1,0.8227305218012866
1,0.99999964,1,0.9401358112937813
1,0.9999962,1,0.6976411722659042
1,1.0,1,0.9864188706218727
1,0.9999984,1,0.850071479628306
1,0.9999996,1,0.9317369549678342
1,0.999998,1,0.8352394567548249
1,0.99999857,1,0.874374553252323
1,0.9999998,1,0.9653323802716226
1,0.9999961,1,0.6853109363831308
1,0.99999535,1,0.6459971408148678
1,0.99999845,1,0.8552537526804861
1,0.999999,1,0.8852751965689778
1,0.99999833,1,0.8472122944960686
1,0.9999921,1,0.5773766976411723
1,0.99999887,1,0.8849177984274482
1,0.9999932,1,0.5748749106504646
1,0.9999971,1,0.7528591851322373
1,0.9999975,1,0.8146890636168692
1,0.99999696,1,0.7689421015010722
1,0.99999523,1,0.6517155110793423
1,0.99999756,1,0.807541100786276
1,0.9999995,1,0.9312008577555396
1,0.9999973,1,0.7768048606147248
1,0.9999974,1,0.7961043602573267
1,0.9999989,1,0.8768763402430307
1,0.9999977,1,0.8220157255182273
1,0.9999973,1,0.7943173695496784
1,0.9999993,1,0.9043959971408149
1,0.9999973,1,0.7746604717655469
1,0.99999356,1,0.5843459614010007
1,0.9999996,1,0.931915654038599
1,0.9999983,1,0.8518584703359543
1,0.9999931,1,0.5830950679056469
1,0.9999926,1,0.5704074338813439
1,0.99999344,1,0.6034667619728378
1,0.9999987,1,0.868120085775554
1,0.99999845,1,0.862759113652609
1,0.99999654,1,0.6931736954967834
1,0.99999744,1,0.8073624017155111
1,0.99999315,1,0.5768406004288777
1,0.9999982,1,0.8473909935668335
1,0.9999957,1,0.6581486776268763
1,1.0,1,0.9792709077912795
1,0.99999964,1,0.9324517512508935
1,0.9999968,1,0.7592923516797713
1,0.9999974,1,0.8125446747676912
1,0.9999974,1,0.7964617583988564
1,0.99999803,1,0.8270192994996426
1,0.999998,1,0.8245175125089349
1,0.9999983,1,0.8488205861329521
1,0.9999996,1,0.9312008577555396
1,0.99999535,1,0.6449249463902788
1,0.9999935,1,0.593638313080772
1,0.99999535,1,0.6640457469621158
1,0.9999934,1,0.6018584703359543
1,0.99999946,1,0.9144031451036455
1,0.9999969,1,0.7646533238027162
1,0.99999815,1,0.8352394567548249
1,0.9999942,1,0.5938170121515368
1,0.9999784,1,0.8838456040028592
1,0.99999744,1,0.8152251608291637
1,0.9999986,1,0.8693709792709078
1,0.99999475,1,0.6343817012151537
1,0.99999875,1,0.8663330950679057
1,0.99999976,1,0.9488920657612581
1,0.9999987,1,0.8640100071479628
1,0.9999995,1,0.9229807005003574
1,0.9999926,1,0.5677269478198713
1,0.99999774,1,0.8134381701215153
1,0.99999684,1,0.7793066476054324
1,0.99999595,1,0.7033595425303788
1,0.9999974,1,0.7832380271622588
1,0.9999974,1,0.7909220872051466
1,0.99999744,1,0.810578984989278
1,0.99999285,1,0.5643316654753395
1,0.9999993,1,0.9056468906361687
1,0.9999974,1,0.7746604717655469
1,0.9999963,1,0.6971050750536097
1,0.99999166,1,0.5419942816297355
1,0.9999986,1,0.8656182987848463
1,0.9999949,1,0.6781629735525375
1,0.99999845,1,0.8498927805575411
1,0.9999939,1,0.5843459614010007
1,0.9999997,1,0.9404932094353109
1,0.99999344,1,0.6016797712651895
1,0.9999938,1,0.5832737669764118
1,0.99999815,1,0.8406004288777699
1,0.99999946,1,0.9240528949249464
1,0.99999815,1,0.8270192994996426
1,0.9999999,1,0.9644388849177984
1,0.99998784,1,0.4937455325232309
1,0.99999404,1,0.5868477483917084
1,0.9999925,1,0.5788062902072909
1,0.9999951,1,0.6252680486061473
1,0.9999989,1,0.873481057898499
1,0.99999416,1,0.590421729807005
1,0.99999946,1,0.9240528949249464
1,0.9999947,1,0.6572551822730521
1,0.9999977,1,0.813795568263045
1,0.99999917,1,0.9031451036454611
1,0.99999976,1,0.9551465332380271
1,0.99997944,1,0.8747319513938527
1,0.9999944,1,0.6431379556826304
1,0.9999982,1,0.8506075768406004
1,0.99999845,1,0.8607934238741959
1,0.9999958,1,0.7324874910650465
1,0.99999964,1,0.9426375982844889
1,0.9999997,1,0.9487133666904932
1,0.9999996,1,0.9374553252323088
1,0.9999996,1,0.9299499642601858
1,0.9999984,1,0.8641887062187277
1,0.9999974,1,0.8173695496783416
1,0.9999991,1,0.902072909220872
1,0.99999964,1,0.9367405289492494
1,0.9999986,1,0.868120085775554
1,0.99999976,1,0.9572909220872051
1,0.9999994,1,0.9170836311651179
1,0.9999999,1,0.9689063616869192
1,0.9999993,1,0.9211937097927091
1,0.9999996,1,0.9392423159399571
1,0.9999948,1,0.6663688348820586
1,0.9999999,1,0.9710507505360972
1,0.9999996,1,0.9367405289492494
1,0.9999981,1,0.8477483917083631
1,0.9999996,1,0.9535382416011436
1,0.99999887,1,0.8802716225875625
1,0.99999976,1,0.9458541815582558
1,0.9999966,1,0.7689421015010722
1,0.99999774,1,0.8314867762687634
1,0.99999714,1,0.7828806290207291
1,0.99999946,1,0.937276626161544
1,0.99999696,1,0.8014653323802716
1,0.999999,1,0.9079699785561115
1,0.9999993,1,0.9161901358112938
1,0.9999999,1,0.9683702644746247
1,0.9999963,1,0.7421372408863474
1,0.9999998,1,0.9601501072194425
1,1.0,1,0.9823087919942817
1,0.9999994,1,0.9220872051465332
1,0.99999946,1,0.9190493209435311
1,0.9999962,1,0.7793066476054324
1,0.9999976,1,0.81915654038599
1,0.99999964,1,0.9347748391708363
1,0.9999979,1,0.8473909935668335
1,0.9999995,1,0.9283416726233024
1,0.9999975,1,0.8314867762687634
1,0.99999976,1,0.9540743388134382
1,0.9999952,1,0.6647605432451751
1,0.9999981,1,0.9328091493924232
1,0.9999947,1,0.6593995711222301
1,0.9999999,1,0.9692637598284489
1,0.9999997,1,0.9426375982844889
1,0.99999565,1,0.6665475339528234
1,0.99999976,1,0.9580057183702645
1,0.9999999,1,0.9672980700500358
1,0.9999999,1,0.9690850607576841
1,0.99999887,1,0.8749106504646176
1,0.99999785,1,0.8270192994996426
1,0.9999992,1,0.911722659042173
1,0.9999997,1,0.9408506075768406
1,0.9999964,1,0.702108649035025
1,0.99999785,1,0.8279127948534668
1,0.9999966,1,0.7580414581844175
1,0.99999636,1,0.7775196568977841
1,0.9999964,1,0.7303431022158685
1,0.999997,1,0.8257684060042888
1,0.9999956,1,0.6835239456754825
1,0.99999744,1,0.8146890636168692
1,0.99999815,1,0.84578270192995
1,0.99999815,1,0.8420300214438885
1,0.9999994,1,0.922265904217298
1,0.99999905,1,0.90421729807005
1,0.99999607,1,0.7015725518227305
1,0.9999951,1,0.6408148677626876
1,0.99999565,1,0.6847748391708363
1,0.99999845,1,0.8554324517512509
1,0.9999989,1,0.8867047891350965
1,0.99999744,1,0.8129020729092209
1,0.9999899,1,0.5151894210150108
1,0.99999344,1,0.5993566833452466
1,0.9999963,1,0.7037169406719085
1,0.99999946,1,0.9281629735525375
1,0.9999929,1,0.5997140814867763
1,0.999998,1,0.833988563259471
1,0.9999988,1,0.8752680486061473
1,0.9999993,1,0.9088634739099357
1,0.9999971,1,0.7871694067190851
1,0.9999955,1,0.6517155110793423
1,0.9999958,1,0.6838813438170122
1,0.9999984,1,0.8409578270192996
1,0.9999973,1,0.7759113652609007
1,0.99999917,1,0.8927805575411007
1,0.99999714,1,0.823445318084346
1,0.99999964,1,0.9363831308077198
1,0.9999995,1,0.9238741958541815
1,0.99999154,1,0.5398498927805575
1,0.9999977,1,0.813795568263045
1,0.99999934,1,0.9047533952823446
1,0.99999696,1,0.7878842030021443
1,0.99999744,1,0.8064689063616869
1,0.9999947,1,0.6331308077197999
1,0.9999965,1,0.748927805575411
1,0.99999976,1,0.9571122230164403
1,0.99999976,1,0.9487133666904932
1,0.99999255,1,0.5696926375982845
1,0.99999803,1,0.8329163688348821
1,0.9999983,1,0.8341672623302359
1,0.9999949,1,0.6711937097927091
1,0.9999936,1,0.8799142244460328
1,0.99999887,1,0.8781272337383845
1,0.9999952,1,0.6624374553252323
1,0.999999,1,0.8868834882058614
1,0.99999666,1,0.7725160829163689
1,0.99999774,1,0.8146890636168692
1,0.99999744,1,0.7607219442458899
1,0.9999982,1,0.8466761972837741
1,0.99999756,1,0.8039671193709793
1,0.9999994,1,0.911722659042173
1,0.9999971,1,0.7637598284488921
1,0.99999857,1,0.8536454610436026
1,0.9999895,1,0.5178699070764832
1,0.99999917,1,0.8977841315225161
1,0.9999998,1,0.95746962115797
1,0.99999446,1,0.6724446032880629
1,0.99999964,1,0.938348820586133
1,0.9999961,1,0.6985346676197284
1,0.9999939,1,0.5822015725518227
1,0.9999958,1,0.6931736954967834
1,0.9999943,1,0.6015010721944246
1,0.9999971,1,0.7877055039313795
1,0.99999565,1,0.6642244460328807
1,0.9999944,1,0.6107934238741959
1,0.99999756,1,0.7877055039313795
1,0.99999696,1,0.742494639027877
1,0.99999267,1,0.583988563259471
1,0.9999928,1,0.5570050035739814
1,0.9999981,1,0.833988563259471
1,0.999996,1,0.6656540385989993
1,0.9999963,1,0.7555396711937098
1,0.99999565,1,0.6347390993566834
1,0.99999624,1,0.641529664045747
1,0.9999988,1,0.8697283774124375
1,0.99999726,1,0.8073624017155111
1,0.9999983,1,0.8347033595425304
1,0.9999903,1,0.5071479628305933
1,0.9999963,1,0.6724446032880629
1,0.9999919,1,0.5218012866333095
1,0.9999954,1,0.6510007147962831
1,0.999997,1,0.748927805575411
1,0.99999964,1,0.9354896354538956
1,0.9999979,1,0.8200500357398142
1,0.99999774,1,0.818084345961401
1,0.999997,1,0.7682273052180129
1,0.9999959,1,0.6794138670478913
1,0.99999493,1,0.6022158684774839
1,0.9999938,1,0.5738027162258756
1,0.999997,1,0.7687634024303074
1,0.99999994,1,0.9774839170836311
1,0.9999919,1,0.5300214438884918
1,0.9999894,1,0.49392423159399573
1,0.99999934,1,0.8934953538241601
1,0.9999963,1,0.6495711222301644
1,0.99999887,1,0.8754467476769121
1,0.9999904,1,0.5066118656182987
1,0.99999267,1,0.5570050035739814
1,0.9999959,1,0.6490350250178699
1,0.99999183,1,0.5448534667619729
1,0.99999315,1,0.5582558970693352
1,0.99999225,1,0.54253037884203
1,0.99999756,1,0.7828806290207291
1,0.9999872,1,0.4833809864188706
1,0.99999857,1,0.8447105075053609
1,0.99999577,1,0.6518942101501072
1,0.9999997,1,0.9401358112937813
1,0.9999956,1,0.6115082201572551
1,0.9999999,1,0.9601501072194425
1,0.9999927,1,0.5696926375982845
1,0.99998724,1,0.4764117226590422
1,0.9999939,1,0.5832737669764118
1,0.99999934,1,0.8977841315225161
1,0.99999845,1,0.8370264474624732
1,0.9999898,1,0.4930307362401716
1,0.99998873,1,0.4926733380986419
1,0.9999998,1,0.9551465332380271
1,0.9999933,1,0.5584345961401
1,0.99999464,1,0.6152609006433166
1,0.9999942,1,0.571300929235168
1,0.9999952,1,0.5888134381701216
1,0.9999996,1,0.9238741958541815
1,0.9999942,1,0.5827376697641172
1,0.99999267,1,0.5657612580414582
1,0.99999887,1,0.8629378127233739
1,0.99999386,1,0.5741601143674053
1,0.9999917,1,0.5293066476054324
1,0.99999756,1,0.7982487491065047
1,0.99999726,1,0.7392780557541101
1,0.99999034,1,0.5060757684060043
1,0.99999726,1,0.7567905646890636
1,0.99999976,1,0.9460328806290207
1,0.99999475,1,0.5938170121515368
1,0.999992,1,0.5182273052180129
1,0.9999926,1,0.5475339528234453
1,0.9999914,1,0.5300214438884918
1,0.999997,1,0.7387419585418156
1,0.99999577,1,0.6191922802001429
1,0.99999183,1,0.5219799857040743
1,0.9999915,1,0.5246604717655469
1,0.9999878,1,0.4608649035025018
1,0.9999918,1,0.5175125089349535
1,0.99999875,1,0.8668691922802001
1,0.9999932,1,0.5639742673338098
1,0.9999933,1,0.747855611150822
1,0.99998987,1,0.5126876340243031
1,0.99999356,1,0.5696926375982845
1,0.9999944,1,0.5868477483917084
1,0.9999984,1,0.8420300214438885
1,0.999999,1,0.8747319513938527
1,0.99999493,1,0.5900643316654753
1,0.9999983,1,0.8355968548963545
1,0.9999713,1,0.6225875625446747
1,0.99999714,1,0.748927805575411
1,0.9999915,1,0.5080414581844175
1,0.9999964,1,0.6713724088634739
1,0.99999386,1,0.572373123659757
1,0.9999879,1,0.476590421729807
1,0.9999873,1,0.47230164403145103
1,0.99999386,1,0.5700500357398142
1,0.99999666,1,0.6645818441744102
1,0.99999577,1,0.6504646175839885
1,0.99999875,1,0.8609721229449607
1,0.99999434,1,0.5784488920657612
1,0.9999984,1,0.8874195854181558
1,0.99998695,1,0.47748391708363114
1,0.9999913,1,0.5219799857040743
1,0.9999942,1,0.5813080771979986
1,0.9999994,1,0.9024303073624017
1,0.9999992,1,0.8959971408148678
1,0.9999978,1,0.8073624017155111
1,0.99998903,1,0.4812365975696926
1,0.99999326,1,0.5700500357398142
1,0.9999933,1,0.5657612580414582
1,0.99999064,1,0.5044674767691208
1,0.9999964,1,0.6533238027162259
1,0.99999475,1,0.5843459614010007
1,0.99999815,1,0.8336311651179414
1,0.9999933,1,0.5591493924231594
1,0.99999166,1,0.509649749821301
1,0.9999898,1,0.497855611150822
1,0.99999267,1,0.5553967119370979
1,0.9999939,1,0.5643316654753395
1,0.99998873,1,0.518048606147248
1,0.999992,1,0.5466404574696212
1,0.99998766,1,0.45264474624731954
1,0.9999932,1,0.5475339528234453
1,0.9999883,1,0.48016440314510367
1,0.99999946,1,0.9038598999285203
1,0.99999434,1,0.5718370264474625
1,0.99999005,1,0.49249463902787705
1,0.99999315,1,0.5657612580414582
1,0.9999981,1,0.8304145818441744
1,0.9999902,1,0.5092923516797713
1,0.99999213,1,0.5285918513223731
1,0.99999565,1,0.6004288777698356
1,0.9999918,1,0.5294853466761973
1,0.99998933,1,0.49088634739099357
1,0.99999565,1,0.6004288777698356
1,0.99999267,1,0.5434238741958541
1,0.9999895,1,0.49588992137240884
1,0.99999046,1,0.497855611150822
1,0.99999315,1,0.571300929235168
1,0.9999915,1,0.52662616154396
1,0.99998957,1,0.5080414581844175
1,0.9999971,1,0.6987133666904932
1,0.9999973,1,0.7751965689778413
1,0.9999909,1,0.5110793423874196
1,1.0,1,0.9785561115082202
1,0.999994,1,0.5825589706933524
1,0.9999949,1,0.5741601143674053
1,0.9999923,1,0.5427090779127949
1,0.9999993,1,0.8952823445318084
1,0.9999975,1,0.7691208005718371
1,0.9999942,1,0.5700500357398142
1,0.999995,1,0.5879199428162973
1,0.9999962,1,0.625625446747677
1,0.9999939,1,0.5661186561829878
1,0.9999967,1,0.6901358112937813
1,0.9999936,1,0.552180128663331
1,0.9999996,1,0.9249463902787706
1,0.99999094,1,0.5073266619013581
1,0.99999034,1,0.5280557541100787
1,0.99999785,1,0.7850250178699071
1,0.99999464,1,0.5834524660471766
1,0.9999913,1,0.52662616154396
1,0.9999994,1,0.9040385989992852
1,0.999995,1,0.5900643316654753
1,0.9999949,1,0.5986418870621872
1,0.9999888,1,0.47069335239456755
1,0.9999924,1,0.5729092208720514
1,0.99999064,1,0.5100071479628306
1,0.99998766,1,0.4615796997855611
1,0.99998933,1,0.47802001429592567
1,0.9999914,1,0.51590421729807
1,0.99999976,1,0.9549678341672623
1,0.99999297,1,0.5557541100786276
1,0.9999928,1,0.5657612580414582
1,0.99998844,1,0.47337383845604003
1,0.99999297,1,0.5419942816297355
1,0.9999887,1,0.4367405289492495
1,0.99999654,1,0.666011436740529
1,0.9999984,1,0.8352394567548249
1,0.9999872,1,0.46890636168691924
1,0.99999183,1,0.5843459614010007
1,0.9999977,1,0.7778770550393138
1,0.9999927,1,0.5918513223731237
1,0.9999885,1,0.47802001429592567
1,0.9999884,1,0.4726590421729807
1,0.999993,1,0.5814867762687634
1,0.999994,1,0.6216940671908506
1,0.99999106,1,0.5448534667619729
1,0.99998826,1,0.47962830593280914
1,0.9999918,1,0.5142959256611865
1,0.9999905,1,0.5019656897784132
1,0.9999986,1,0.8522158684774839
1,0.99999446,1,0.5766619013581129
1,0.99999493,1,0.5686204431736955
1,0.99999636,1,0.6443888491779842
1,0.9999914,1,0.5058970693352395
1,0.99998987,1,0.48802716225875625
1,0.99998856,1,0.49124374553252326
1,0.9999869,1,0.45568263045032165
1,0.9999899,1,0.5050035739814153
1,0.9999968,1,0.6677984274481773
1,0.99999845,1,0.8366690493209435
1,0.9999891,1,0.4821300929235168
1,0.9999918,1,0.5679056468906362
1,0.9999917,1,0.5218012866333095
1,0.99998987,1,0.49142244460328804
1,0.99999774,1,0.8230879199428163
1,0.9999961,1,0.7038956397426733
1,0.9999963,1,0.659578270192995
1,0.99999976,1,0.9338813438170122
1,0.99999756,1,0.7823445318084346
1,0.999996,1,0.6115082201572551
1,0.9999877,1,0.4537169406719085
1,0.9999966,1,0.6476054324517513
1,0.9999907,1,0.5294853466761973
1,0.99999404,1,0.5602215868477484
1,0.99999404,1,0.6204431736954967
1,0.99999774,1,0.7796640457469621
1,0.99999493,1,0.6191922802001429
1,0.99999666,1,0.7015725518227305
1,0.99999285,1,0.5973909935668335
1,0.99999595,1,0.6788777698355969
1,0.9999882,1,0.46622587562544676
1,0.9999912,1,0.5069692637598284
1,0.9999954,1,0.6018584703359543
1,0.99999213,1,0.5700500357398142
1,0.9999999,1,0.9647962830593281
1,0.9999924,1,0.5271622587562544
1,0.9999981,1,0.800035739814153
1,0.999992,1,0.524481772694782
1,0.99999857,1,0.8518584703359543
1,0.9999912,1,0.5318084345961401
1,0.99998844,1,0.471229449606862
1,0.9999935,1,0.5700500357398142
1,0.99999106,1,0.5257326661901358
1,0.9999944,1,0.5830950679056469
1,0.99998903,1,0.48034310221586846
1,0.9999978,1,0.806290207290922
1,0.99999756,1,0.752144388849178
1,0.99999964,1,0.9338813438170122
1,0.99999315,1,0.5487848463187991
1,0.99999774,1,0.7803788420300214
1,0.99998796,1,0.4451393852751966
1,0.9999914,1,0.4955325232308792
1,0.9999895,1,0.47444603288062903
1,0.99999815,1,0.8179056468906362
1,0.9999891,1,0.48302358827734093
1,0.9999968,1,0.6931736954967834
1,0.99999946,1,0.9002859185132237
1,0.99999684,1,0.6785203716940672
1,0.9999892,1,0.47962830593280914
1,0.99999654,1,0.6375982844889206
1,0.9999961,1,0.6365260900643317
1,0.9999972,1,0.7028234453180844
1,0.9999951,1,0.5800571837026447
1,0.9999955,1,0.6034667619728378
1,0.9999939,1,0.5582558970693352
1,0.9999894,1,0.4910650464617584
1,0.99999845,1,0.8380986418870622
1,0.9999999,1,0.9640814867762688
1,0.99999297,1,0.5352037169406719
1,0.9999915,1,0.502144388849178
1,0.9999973,1,0.7441029306647605
1,0.9999901,1,0.5003573981415297
1,0.999987,1,0.4624731951393853
1,0.99997324,1,0.6411722659042173
1,0.9999879,1,0.4347748391708363
1,0.99999684,1,0.6967476769120801
1,0.9999886,1,0.46676197283774123
1,0.9999966,1,0.703180843459614
1,0.99999326,1,0.5419942816297355
1,0.9999912,1,0.5083988563259471
1,0.99999416,1,0.5696926375982845
1,0.99999976,1,0.9496068620443173
1,0.9999951,1,0.5952466047176554
1,0.9999922,1,0.5398498927805575
1,0.9999963,1,0.6438527519656898
1,0.9999928,1,0.5321658327376698
1,0.9999601,1,0.5800571837026447
1,0.99999595,1,0.6150822015725518
1,0.99998873,1,0.4424588992137241
1,0.99999356,1,0.5571837026447463
1,0.99999714,1,0.6935310936383131
1,0.9999949,1,0.5836311651179414
1,0.99999124,1,0.5191208005718371
1,0.99999917,1,0.8884917798427449
1,0.99999887,1,0.8502501786990707
1,0.99998945,1,0.47962830593280914
1,0.9999976,1,0.7464260185847034
1,0.9999982,1,0.8061115082201572
1,0.9999985,1,0.8420300214438885
1,0.999993,1,0.543602573266619
1,0.99999166,1,0.5235882773409578
1,0.9999959,1,0.6454610436025733
1,0.99999285,1,0.5455682630450321
1,0.99999994,1,0.9710507505360972
1,0.9999978,1,0.7821658327376698
1,0.99999714,1,0.7164045746962115
1,0.9999931,1,0.5773766976411723
1,0.9999892,1,0.48874195854181557
1,0.9999862,1,0.43316654753395284
1,0.99998724,1,0.4537169406719085
1,0.9999927,1,0.5466404574696212
1,0.9999915,1,0.5094710507505361
1,0.99999374,1,0.560578984989278
1,0.9999993,1,0.8827734095782702
1,0.9999961,1,0.639385275196569
1,0.9999961,1,0.6295568263045033
1,0.99999094,1,0.49392423159399573
1,0.9999927,1,0.5321658327376698
1,0.99999964,1,0.9324517512508935
1,0.99998873,1,0.4642601858470336
1,0.9999982,1,0.8152251608291637
1,0.99999654,1,0.7528591851322373
1,0.99999946,1,0.9185132237312366
1,0.999999,1,0.8868834882058614
1,0.9999924,1,0.5323445318084346
1,0.9999883,1,0.4749821300929235
1,0.9999918,1,0.520192994996426
1,0.9999904,1,0.48588277340957825
1,0.9999986,1,0.8391708363116511
1,0.9999908,1,0.5455682630450321
1,0.9999904,1,0.48909935668334525
1,0.9999914,1,0.5171551107934239
1,0.9999966,1,0.6543959971408149
1,0.99998784,1,0.4528234453180843
1,0.999998,1,0.8027162258756254
1,0.9999946,1,0.5793423874195854
1,0.99999535,1,0.608470335954253
1,0.9999926,1,0.5396711937097927
1,0.99999535,1,0.5800571837026447
1,0.9999958,1,0.5972122944960686
1,0.9999964,1,0.6329521086490351
1,0.999992,1,0.5264474624731952
1,0.99999726,1,0.7667977126518942
1,0.9999921,1,0.5191208005718371
1,0.9999954,1,0.608470335954253
1,0.9999961,1,0.6163330950679057
1,0.9999986,1,0.8375625446747677
1,0.9999978,1,0.7839528234453181
1,0.9999889,1,0.45746962115796996
1,0.9999898,1,0.4424588992137241
1,0.9999922,1,0.5218012866333095
1,0.9999953,1,0.5800571837026447
1,0.9999931,1,0.5473552537526805
1,0.99999017,1,0.48070050035739814
1,0.99999726,1,0.7017512508934953
1,0.9999918,1,0.5080414581844175
1,0.9999971,1,0.6901358112937813
1,0.999991,1,0.4951751250893495
1,0.9999885,1,0.4395997140814868
1,0.99998736,1,0.4537169406719085
1,0.9999876,1,0.44388849177984274
1,0.9997079,1,0.5139385275196569
1,0.999995,1,0.6433166547533953
1,0.99998933,1,0.4485346676197284
1,0.999993,1,0.5636168691922802
1,0.99999106,1,0.49124374553252326
1,0.99999076,1,0.4874910650464618
1,0.9999918,1,0.5128663330950679
1,0.9999882,1,0.4603288062902073
1,0.9999928,1,0.5384203002144389
1,0.9999883,1,0.4424588992137241
1,0.99999404,1,0.5729092208720514
1,0.99999154,1,0.5337741243745533
1,0.9999837,1,0.4278055754110079
1,0.9999906,1,0.48355968548963546
1,0.99999064,1,0.5016082916368835
1,0.99999225,1,0.5293066476054324
1,0.9999954,1,0.5814867762687634
1,0.9999948,1,0.5768406004288777
1,0.99998903,1,0.46676197283774123
1,0.9999922,1,0.5300214438884918
1,0.9999994,1,0.8929592566118656
1,0.99999803,1,0.836132952108649
1,0.99998945,1,0.46676197283774123
1,0.99999166,1,0.5071479628305933
1,0.9999974,1,0.7296283059328091
1,0.99999344,1,0.5550393137955683
1,0.9999983,1,0.813795568263045
1,0.99999225,1,0.5763045032165832
1,0.99999624,1,0.624374553252323
1,0.9999853,1,0.43423874195854184
1,0.9999952,1,0.5859542530378842
1,0.9999921,1,0.5076840600428878
1,0.99999356,1,0.6007862759113652
1,0.9999924,1,0.5339528234453181
1,0.9999884,1,0.4453180843459614
1,0.9999946,1,0.5779127948534668
1,0.99998856,1,0.4726590421729807
1,0.9999891,1,0.4815939957112223
1,0.999999,1,0.8874195854181558
1,0.9999991,1,0.8622230164403145
1,0.99999833,1,0.8482844889206577
1,0.9999917,1,0.5119728377412437
1,0.99998695,1,0.45568263045032165
1,0.9999945,1,0.5738027162258756
1,0.99999744,1,0.8134381701215153
1,0.99999136,1,0.521265189421015
1,0.9999903,1,0.4837383845604003
1,0.9999959,1,0.6015010721944246
1,0.9999975,1,0.8125446747676912
1,0.99998915,1,0.47033595425303787
1,0.9999902,1,0.4812365975696926
1,0.9999973,1,0.7987848463187991
1,0.99998975,1,0.435132237312366
1,0.9999922,1,0.5185847033595425
1,0.999993,1,0.5128663330950679
1,0.9999949,1,0.5643316654753395
1,0.999991,1,0.49428162973552536
1,0.9999979,1,0.8314867762687634
1,0.9999782,1,0.4555039313795568
1,0.9999939,1,0.5570050035739814
1,0.9999953,1,0.5795210864903503
1,0.99998873,1,0.47140814867762687
1,0.9999905,1,0.4960686204431737
1,0.99999976,1,0.9317369549678342
1,0.9999922,1,0.5671908506075768
1,0.99997616,1,0.6070407433881344
1,0.9999939,1,0.6090064331665476
1,0.9999888,1,0.4326304503216583
1,0.999988,1,0.4647962830593281
1,0.9999981,1,0.7751965689778413
1,0.99998724,1,0.43423874195854184
1,0.9999883,1,0.46175839885632597
1,0.99999976,1,0.9474624731951394
1,0.9999982,1,0.8034310221586848
1,0.9999935,1,0.5645103645461044
1,0.99998856,1,0.44388849177984274
1,0.9999923,1,0.5055396711937098
1,0.99999183,1,0.5704074338813439
1,0.9999927,1,0.5232308791994281
1,0.9999882,1,0.4451393852751966
1,0.9999976,1,0.7732308791994281
1,0.99998945,1,0.4910650464617584
1,0.9999885,1,0.43548963545389563
1,0.99999577,1,0.6090064331665476
1,0.9999988,1,0.8459614010007148
1,0.9999935,1,0.5455682630450321
1,0.99998987,1,0.4537169406719085
1,0.9999914,1,0.5198355968548963
1,0.99999183,1,0.5148320228734811
1,0.99999875,1,0.8370264474624732
1,0.99998784,1,0.4537169406719085
1,0.9999953,1,0.5773766976411723
1,0.99999714,1,0.697819871336669
1,0.9999878,1,0.4453180843459614
1,0.99999136,1,0.5126876340243031
1,0.9999991,1,0.8747319513938527
1,0.99998903,1,0.4517512508934953
1,0.9999907,1,0.4885632594710507
1,0.9999894,1,0.47140814867762687
1,0.9999968,1,0.6763759828448892
1,0.99999017,1,0.4580057183702645
1,0.9999919,1,0.5083988563259471
1,0.999996,1,0.588277340957827
1,0.999993,1,0.568084345961401
1,0.9999922,1,0.5094710507505361
1,0.9999473,1,0.8922444603288063
1,0.99999106,1,0.4933881343817012
1,0.9999895,1,0.48302358827734093
1,0.9999931,1,0.5411007862759114
1,0.99999434,1,0.5668334524660472
1,0.99998844,1,0.4503216583273767
1,0.9999966,1,0.7390993566833453
1,0.9999954,1,0.5768406004288777
1,0.9999923,1,0.5083988563259471
1,0.99999523,1,0.5843459614010007
1,0.99999034,1,0.4805218012866333
1,0.9999878,1,0.42691208005718373
1,0.99999183,1,0.5076840600428878
1,0.99999523,1,0.5741601143674053
1,0.9999961,1,0.5952466047176554
1,0.9999899,1,0.46890636168691924
1,0.99999,1,0.46175839885632597
1,0.9999943,1,0.5586132952108649
1,0.99998903,1,0.4710507505360972
1,0.9999889,1,0.4440671908506076
1,0.9999908,1,0.49070764832022873
1,0.99999756,1,0.770192994996426
1,0.9999899,1,0.4256611865618299
1,0.9999883,1,0.4447819871336669
1,0.9999899,1,0.4469263759828449
1,0.9999945,1,0.5718370264474625
1,0.99999255,1,0.5219799857040743
1,0.9999917,1,0.5142959256611865
1,0.9999893,1,0.46854896354538955
1,0.99999446,1,0.5580771979985704
1,0.9999892,1,0.4363831308077198
1,0.9999893,1,0.4537169406719085
1,0.99999833,1,0.8179056468906362
1,0.99999774,1,0.7612580414581844
1,0.9999885,1,0.42869907076483205
1,0.9999915,1,0.49571122230164405
1,0.99999785,1,0.7694781987133666
1,0.9999918,1,0.5303788420300214
1,0.9999973,1,0.7278413152251608
1,0.9999931,1,0.518048606147248
1,0.99999416,1,0.5520014295925662
1,0.99999255,1,0.5250178699070764
1,0.99998957,1,0.4615796997855611
1,0.9999897,1,0.45264474624731954
1,0.9999891,1,0.43548963545389563
1,0.99999183,1,0.5025017869907077
1,0.99998975,1,0.45300214438884917
1,0.9999941,1,0.5482487491065047
1,0.99999195,1,0.5126876340243031
1,0.99999934,1,0.8811651179413867
1,0.9999999,1,0.9549678341672623
1,0.9999888,1,0.45157255182273054
1,0.99999034,1,0.49320943531093636
1,0.9999942,1,0.5419942816297355
1,0.9999975,1,0.7167619728377412
1,0.99999636,1,0.6107934238741959
1,0.9999893,1,0.4537169406719085
1,0.99998856,1,0.4278055754110079
1,0.9999968,1,0.6402787705503932
1,0.99999064,1,0.4721229449606862
1,0.9999996,1,0.9051107934238742
1,0.9999887,1,0.44460328806290206
1,0.99999624,1,0.5964974982130093
1,0.9999892,1,0.4463902787705504
1,0.9999911,1,0.4853466761972838
1,0.9999912,1,0.4871336669049321
1,0.99998945,1,0.429771265189421
1,0.9999975,1,0.6976411722659042
1,0.9999923,1,0.5219799857040743
1,0.99998957,1,0.44228020014295927
1,0.99999106,1,0.4853466761972838
1,0.9999924,1,0.5226947819871337
1,0.9999917,1,0.5092923516797713
1,0.9999907,1,0.48034310221586846
1,0.9999887,1,0.4547891350964975
1,0.99971783,1,0.531987133666905
1,0.99999636,1,0.6009649749821301
1,0.99999005,1,0.4347748391708363
1,0.9999945,1,0.571300929235168
1,0.9999917,1,0.5071479628305933
1,0.9999968,1,0.6495711222301644
1,0.99999195,1,0.52662616154396
1,0.9999903,1,0.48284488920657614
1,0.9999897,1,0.43548963545389563
1,0.9999896,1,0.45496783416726233
1,0.9999901,1,0.4497855611150822
1,0.99999017,1,0.48624017155110794
1,0.9999936,1,0.5409220872051466
1,0.99998903,1,0.43495353824160116
1,0.9999932,1,0.5294853466761973
1,0.9999943,1,0.5671908506075768
1,0.9999979,1,0.7735882773409578
1,0.9999657,1,0.588277340957827
1,0.9999974,1,0.7321300929235168
1,0.99999547,1,0.5843459614010007
1,0.9999969,1,0.684060042887777
1,0.99999833,1,0.8154038598999285
1,0.99999905,1,0.8622230164403145
1,0.9999956,1,0.5786275911365261
1,0.99999976,1,0.9560400285918513
1,0.9999977,1,0.7038956397426733
1,0.99999934,1,0.910650464617584
1,0.9999939,1,0.552180128663331
1,0.9999886,1,0.4517512508934953
1,0.9999969,1,0.7987848463187991
1,0.9999894,1,0.4503216583273767
1,0.9999979,1,0.7603645461043602
1,0.99999875,1,0.8777698355968548
1,0.99999267,1,0.5323445318084346
1,0.99998945,1,0.43620443173695495
1,0.9999989,1,0.8842030021443888
1,0.9999966,1,0.625625446747677
1,0.99998987,1,0.45496783416726233
1,0.9999937,1,0.5997140814867763
1,0.99998987,1,0.4424588992137241
1,0.9999992,1,0.8783059328091494
1,0.99999344,1,0.5378842030021443
1,0.9999955,1,0.6761972837741244
1,0.9999889,1,0.45228734810578985
1,0.9999898,1,0.48981415296640457
1,0.99998945,1,0.4326304503216583
1,0.9999905,1,0.4381701215153681
1,0.9999897,1,0.4322730521801287
1,0.9999989,1,0.8738384560400286
1,0.999992,1,0.5033952823445318
1,0.99999475,1,0.5652251608291637
1,0.9999997,1,0.924410293066476
1,0.999997,1,0.6651179413867048
1,0.99999166,1,0.4951751250893495
1,0.9999883,1,0.4454967834167262
1,0.9999876,1,0.42619728377412436
1,0.99999446,1,0.5334167262330236
1,0.9999917,1,0.5076840600428878
1,0.99998933,1,0.47033595425303787
1,0.99999064,1,0.4789135096497498
1,0.9999901,1,0.4537169406719085
1,0.99998784,1,0.42548248749106504
1,0.9999906,1,0.47587562544674766
1,0.9999934,1,0.5509292351679771
1,0.99999034,1,0.47301644031451034
1,0.99999225,1,0.49428162973552536
1,0.99999404,1,0.5409220872051466
1,0.99999034,1,0.4705146533238027
1,0.99999535,1,0.5773766976411723
1,0.9999995,1,0.9068977841315226
1,0.9999939,1,0.544674767691208
1,0.99998957,1,0.46229449606862044
1,0.9999969,1,0.6188348820586133
1,0.999991,1,0.47748391708363114
1,0.99999046,1,0.4635453895639743
1,0.99999005,1,0.43084345961401
1,0.99999726,1,0.6935310936383131
1,0.9999896,1,0.4739099356683345
1,0.9999896,1,0.43548963545389563
1,0.99998975,1,0.4731951393852752
1,0.9999971,1,0.6613652609006433
1,0.9999966,1,0.6331308077197999
1,0.9999904,1,0.4421015010721944
1,0.9999886,1,0.43548963545389563
1,0.9999897,1,0.43906361686919226
1,0.9999898,1,0.43084345961401
1,0.9999966,1,0.6163330950679057
1,0.999995,1,0.5696926375982845
1,0.99999034,1,0.46336669049320944
1,0.99998957,1,0.43906361686919226
1,0.9999916,1,0.49249463902787705
1,0.9999921,1,0.5175125089349535
1,0.99998814,1,0.42869907076483205
1,0.9999905,1,0.47551822730521803
1,0.9999903,1,0.46676197283774123
1,0.9999923,1,0.4949964260185847
1,0.9999921,1,0.49874910650464616
1,0.99999344,1,0.52662616154396
1,0.9999941,1,0.5503931379556827
1,0.99999946,1,0.8938527519656898
1,0.99998856,1,0.43834882058613295
1,0.99999243,1,0.5092923516797713
1,0.999994,1,0.525553967119371
1,0.9999946,1,0.5696926375982845
1,0.9999949,1,0.5455682630450321
1,0.99999446,1,0.5402072909220872
1,0.9999934,1,0.5194781987133666
1,0.9999883,1,0.45604002859185133
1,0.99998796,1,0.44907076483202285
1,0.9999965,1,0.6299142244460328
1,0.99999344,1,0.5310936383130808
1,0.99999034,1,0.4326304503216583
1,0.999998,1,0.7528591851322373
1,0.9999938,1,0.5427090779127949
1,0.99998844,1,0.4537169406719085
1,0.9999915,1,0.49017155110793426
1,0.99999493,1,0.5452108649035025
1,0.9999988,1,0.8370264474624732
1,0.99999464,1,0.5705861329521087
1,0.9999899,1,0.43620443173695495
1,0.9999943,1,0.5520014295925662
1,0.9999909,1,0.4347748391708363
1,0.99999034,1,0.43656182987848463
1,0.99999297,1,0.5048248749106504
1,0.9999955,1,0.5918513223731237
1,0.9999928,1,0.5251965689778413
1,0.9999907,1,0.4358470335954253
1,0.99999523,1,0.5738027162258756
1,0.9999909,1,0.45604002859185133
1,0.99999565,1,0.5686204431736955
1,0.9999827,1,0.44388849177984274
1,0.9999893,1,0.45050035739814154
1,0.9999908,1,0.4454967834167262
1,0.9999942,1,0.5341315225160829
1,0.99999356,1,0.5411007862759114
1,0.9999955,1,0.5657612580414582
1,0.99998915,1,0.43459614010007147
1,0.9999897,1,0.4419228020014296
1,0.9999909,1,0.432987848463188
1,0.9999879,1,0.4326304503216583
1,0.99999607,1,0.5832737669764118
1,0.9999894,1,0.43495353824160116
1,0.99999225,1,0.4933881343817012
1,0.99999166,1,0.5214438884917798
1,0.99999034,1,0.43209435310936384
1,0.9999954,1,0.5541458184417442
1,0.9999918,1,0.4948177269478199
1,0.99998796,1,0.44710507505360975
1,0.99999017,1,0.4274481772694782
1,0.99998945,1,0.4424588992137241
1,0.99999505,1,0.5686204431736955
1,0.99999005,1,0.45997140814867765
1,0.9999948,1,0.5671908506075768
1,0.99998945,1,0.43495353824160116
1,0.9999903,1,0.4756969263759828
1,0.9999935,1,0.5993566833452466
1,0.99999076,1,0.47962830593280914
1,0.99999124,1,0.4503216583273767
1,0.9999966,1,0.6016797712651895
1,0.99999756,1,0.7212294496068621
1,0.9999888,1,0.44710507505360975
1,0.9999886,1,0.44567548248749106
1,0.9999909,1,0.47962830593280914
1,0.99999297,1,0.5218012866333095
1,0.9999909,1,0.4421015010721944
1,0.99999213,1,0.5060757684060043
1,0.9999973,1,0.6785203716940672
1,0.9999954,1,0.6216940671908506
1,0.99999166,1,0.5178699070764832
1,0.9999914,1,0.5116154395997141
1,0.9999972,1,0.6926375982844889
1,0.9999932,1,0.5037526804860615
1,0.9999967,1,0.6359899928520372
1,0.9999902,1,0.45085775553967117
1,0.9999953,1,0.5746962115796997
1,0.99999076,1,0.5044674767691208
1,0.9999883,1,0.42762687634024305
1,0.9999909,1,0.4771265189421015
1,0.9999999,1,0.9619370979270908
1,0.99998873,1,0.4605075053609721
1,0.9999889,1,0.435132237312366
1,0.99998003,1,0.4537169406719085
1,0.99999136,1,0.5037526804860615
1,0.9999955,1,0.5696926375982845
1,0.99999785,1,0.7253395282344531
1,0.9999968,1,0.6524303073624017
1,0.9999961,1,0.5655825589706933
1,0.99999774,1,0.6283059328091494
1,0.9999938,1,0.5080414581844175
1,0.9999929,1,0.4451393852751966
1,0.9999934,1,0.5055396711937098
1,0.99999404,1,0.5050035739814153
1,0.9999967,1,0.5788062902072909
1,0.99999934,1,0.8700857755539672
1,0.99999505,1,0.5462830593280915
1,0.9999976,1,0.6719085060757684
1,0.99999815,1,0.7587562544674767
1,0.9999998,1,0.9328091493924232
1,0.9999933,1,0.4735525375268049
1,0.99999255,1,0.43280914939242315
1,0.9999989,1,0.8338098641887062
1,0.9999921,1,0.42869907076483205
1,0.9999927,1,0.48909935668334525
1,0.9999991,1,0.8482844889206577
1,0.99999547,1,0.5144746247319514
1,0.9999945,1,0.5144746247319514
1,0.9999999,1,0.9328091493924232
1,0.99999905,1,0.8336311651179414
1,0.99999475,1,0.5268048606147248
1,0.9999969,1,0.5725518227305219
1,0.9999928,1,0.4860614724803431
1,0.99999684,1,0.5836311651179414
1,0.9999931,1,0.44496068620443174
1,0.9999965,1,0.5814867762687634
1,0.99999255,1,0.43102215868477484
1,0.9999956,1,0.5327019299499642
1,0.99999154,1,0.4453180843459614
1,0.9999989,1,0.8314867762687634
1,0.9999929,1,0.43602573266619016
1,0.9999954,1,0.5219799857040743
1,0.9999982,1,0.6788777698355969
1,0.9999931,1,0.4823087919942816
1,0.99999905,1,0.821300929235168
1,0.9999984,1,0.7387419585418156
1,0.9999997,1,0.8977841315225161
1,0.9999931,1,0.4437097927090779
1,0.9999957,1,0.5559328091493925
1,0.9999944,1,0.48802716225875625
1,0.99999344,1,0.4421015010721944
1,0.99999875,1,0.8027162258756254
1,0.999998,1,0.6663688348820586
1,0.99999464,1,0.49535382416011436
1,0.9999986,1,0.7877055039313795
1,0.99999595,1,0.5553967119370979
1,0.9999936,1,0.4447819871336669
1,0.99999285,1,0.4664045746962116
1,0.9999971,1,0.6090064331665476
1,0.9999946,1,0.4910650464617584
1,0.9999928,1,0.45711222301644033
1,0.99999934,1,0.8472122944960686
1,0.999996,1,0.5126876340243031
1,0.99999875,1,0.7405289492494639
1,0.9999985,1,0.7732308791994281
1,0.9999999,1,0.6695854181558256
1,0.9999988,1,0.6953180843459614
1,0.9999999,1,0.6556468906361687
1,0.9999998,1,0.6390278770550393
1,1.0,1,0.8809864188706219
1,1.0,1,0.8940314510364546
1,0.99999994,1,0.8652609006433166
1,0.9999998,1,0.5528949249463903
1,0.99999887,1,0.6831665475339528
1,0.9999998,1,0.6163330950679057
1,0.9999997,1,0.5511079342387419
1,0.9999997,1,0.5671908506075768
1,0.9999999,1,0.6561829878484632
1,0.99999875,1,0.7385632594710507
1,0.9999988,1,0.748927805575411
1,0.99999976,1,0.5503931379556827
1,1.0,1,0.9027877055039314
1,0.99999994,1,0.8173695496783416
1,1.0,1,0.8917083631165118
1,0.9999985,1,0.6974624731951394
1,0.9999998,1,0.615975696926376
1,0.99999994,1,0.7567905646890636
1,1.0,1,0.958541815582559
1,0.9999988,1,0.745711222301644
1,0.9999993,1,0.5368120085775554
1,0.9999988,1,0.697819871336669
1,1.0,1,0.9408506075768406
1,0.9999995,1,0.5341315225160829
1,0.9999999,1,0.5995353824160115
1,0.9999986,1,0.7224803431022159
1,0.9999989,1,0.6627948534667619
1,0.9999995,1,0.5444960686204432
1,1.0,1,0.958541815582559
1,0.9999987,1,0.6561829878484632
1,0.9999989,1,0.6919228020014296
1,0.99999964,1,0.5686204431736955
1,1.0,1,0.9658684774839171
1,0.99999934,1,0.5952466047176554
1,0.9999999,1,0.6992494639027877
1,0.9999989,1,0.7360614724803431
1,0.99999875,1,0.7432094353109364
1,1.0,1,0.9206576125804146
1,0.99999875,1,0.6913867047891351
1,0.99999785,1,0.7600071479628306
1,1.0,1,0.8918870621872766
1,0.99999976,1,0.5725518227305219
1,0.9999999,1,0.6565403859899929
1,0.9999986,1,0.7226590421729807
1,0.999999,1,0.6788777698355969
1,0.99999875,1,0.6845961401000715
1,0.9999989,1,0.6899571122230165
1,0.9999986,1,0.7226590421729807
1,0.99999887,1,0.6812008577555396
1,0.9999998,1,0.5695139385275196
1,1.0,1,0.8918870621872766
1,1.0,1,0.9047533952823446
1,1.0,1,0.9687276626161544
1,0.9999986,1,0.6724446032880629
1,1.0,1,0.9235167977126519
1,0.999998,1,0.6261615439599714
1,0.99999887,1,0.7005003573981415
1,0.99999994,1,0.7805575411007862
1,0.99999946,1,0.592566118656183
1,0.99999887,1,0.7056826304503216
1,0.9999986,1,0.7044317369549679
1,0.99999887,1,0.6761972837741244
1,1.0,1,0.936204431736955
1,0.99999964,1,0.5591493924231594
1,0.9999986,1,0.7114010007147963
1,0.99999875,1,0.7321300929235168
1,1.0,1,0.9236954967834168
1,0.9999987,1,0.5725518227305219
1,0.9999996,1,0.543602573266619
1,1.0,1,0.9349535382416011
1,0.99999994,1,0.7006790564689064
1,0.9999993,1,0.7258756254467477
1,0.99999994,1,0.8148677626876341
1,0.99999994,1,0.686204431736955
1,0.99999994,1,0.703180843459614
1,0.99999994,1,0.744639027877055
1,0.99999934,1,0.7376697641172266
1,0.99999994,1,0.7737669764117227
1,0.9999998,1,0.6047176554681916
1,0.99999934,1,0.6921015010721944
1,0.99999934,1,0.5959614010007148
1,0.9999998,1,0.5448534667619729
1,1.0,1,0.907433881343817
1,0.99999994,1,0.6785203716940672
1,0.99999917,1,0.7498213009292352
1,0.9999993,1,0.7026447462473195
1,0.99999934,1,0.6965689778413152
1,0.99999994,1,0.7046104360257327
1,0.99999994,1,0.697819871336669
1,0.9999991,1,0.7803788420300214
1,0.9999993,1,0.703180843459614
1,0.99999994,1,0.8175482487491065
1,0.99999994,1,0.8380986418870622
1,0.99999994,1,0.6236597569692638
1,0.9999993,1,0.7310578984989278
1,0.9999993,1,0.6729807005003574
1,0.99999934,1,0.6969263759828449
1,0.99999994,1,0.6136526090064331
1,0.99999994,1,0.821300929235168
1,0.9999992,1,0.6990707648320229
1,0.99999994,1,0.6350964974982131
1,0.99999994,1,0.6692280200142959
1,0.99999934,1,0.6679771265189421
1,0.999999,1,0.7768048606147248
1,0.99999994,1,0.674410293066476
1,0.9999992,1,0.6581486776268763
1,0.99999917,1,0.6992494639027877
1,0.999999,1,0.7773409578270193
1,0.99999917,1,0.6992494639027877
1,0.9999995,1,0.6272337383845604
1,0.99999917,1,0.6229449606862044
1,0.99999994,1,0.6476054324517513
1,0.9999996,1,0.6213366690493209
1,0.9999991,1,0.742494639027877
1,0.99999994,1,0.6552894924946391
1,0.9999999,1,0.6034667619728378
1,0.99999905,1,0.7782344531808435
1,0.9999991,1,0.659578270192995
1,0.99999917,1,0.6238384560400286
1,0.99999994,1,0.625625446747677
1,0.99999994,1,0.6813795568263045
1,0.99999917,1,0.7449964260185847
1,0.9999992,1,0.7498213009292352
1,0.9999992,1,0.7525017869907077
1,0.9999997,1,0.6395639742673338
1,0.99999994,1,0.7165832737669764
1,0.99999994,1,0.6384917798427449
1,0.99999905,1,0.7787705503931379
1,0.9999991,1,0.7455325232308792
1,0.9999991,1,0.7455325232308792
